node_id,label,split
232029206,0,train
3881097,0,train
232470342,0,train
7089694,0,train
38062994,0,train
206222134,0,train
232468876,0,train
232457903,0,train
230452144,0,train
232047899,0,train
230473483,0,train
232054853,0,train
230444451,0,train
3876606,0,train
230345439,0,train
226889376,0,train
232440097,0,train
231179652,0,train
11343564,0,train
231253425,0,train
213736040,0,train
230621237,0,train
230523203,0,train
230434020,0,train
3912536,0,train
230877155,0,train
231573972,0,train
230555001,0,train
60492027,0,train
230556839,0,train
230528720,0,train
232900729,0,train
232346245,0,train
5119722,0,train
230451730,0,train
232454798,0,train
230579563,0,train
230438854,0,train
232892365,0,train
14847524,0,train
231179638,0,train
230946408,0,train
230468668,0,train
230468013,0,train
232034707,0,train
232345690,0,train
232686009,0,train
232447731,0,train
213736062,0,train
232919404,0,train
230945818,0,train
230393704,0,train
232439983,0,train
230405614,0,train
230968952,0,train
3880165,0,train
3898178,0,train
230580831,0,train
230456624,0,train
230436742,0,train
230439442,0,train
32976149,0,train
232001654,0,train
227338369,0,train
231994045,0,train
3913226,0,train
232458515,0,train
230520418,0,train
231995676,0,train
230473477,0,train
231993125,0,train
230531168,0,train
232444501,0,train
230331217,0,train
232339043,0,train
34984461,0,train
230465357,0,train
230468734,0,train
28359967,0,train
230464782,0,train
3897291,0,train
232349132,0,train
92491279,0,train
232037102,0,train
219821009,0,train
1494462,0,train
233229832,0,train
10983754,0,train
232348190,0,train
230418063,0,train
293323,0,train
230468406,0,train
230451676,0,train
230529053,0,train
231997273,0,train
232472206,0,train
230412050,0,train
3903393,0,train
232925804,0,train
232451376,0,train
227496946,0,train
24138725,0,train
232033953,0,train
95679861,0,train
230528695,0,train
3402165,0,train
71367715,0,train
3878742,0,train
231028826,0,train
232472197,0,train
16464132,0,train
230649107,0,train
232051527,0,train
4454658,0,train
219834363,0,train
230333626,0,train
230847053,0,train
82706446,0,train
230465736,0,train
227105852,0,train
232009733,0,train
230391409,0,train
230459282,0,train
3401466,0,train
232040293,0,train
230527735,0,train
3094131,0,train
230345455,0,train
13272601,0,train
3876512,0,train
3846528,0,train
230578501,0,train
230521268,0,train
40587631,0,train
230522946,0,train
230522941,0,train
76866560,0,train
192823764,0,train
84863672,0,train
230452750,0,train
206786861,0,train
118658775,0,train
194837559,0,train
231995677,0,train
37232600,0,train
232036647,0,train
195227601,0,train
151359615,0,train
2858652,0,train
183781611,0,train
13239483,0,train
175036641,0,train
3881497,0,train
231995681,0,train
205392811,0,train
232467026,0,train
230592118,0,train
232444504,0,train
3925879,0,train
54732610,0,train
232436042,0,train
51096093,0,train
21696461,0,train
232465073,0,train
2877834,0,train
232823196,0,train
230465203,0,train
230516456,0,train
230468428,0,train
3881034,0,train
232907277,0,train
219841229,0,train
232037403,0,train
62195631,1,train
3391152,0,train
3877875,0,train
212706577,0,train
230339498,0,train
230403084,0,train
232627257,0,train
230452759,0,train
230418880,0,train
230522102,0,train
230679204,0,train
3881183,0,train
230338694,0,train
219861308,0,train
231174733,0,train
4840269,0,train
226907304,0,train
52418452,0,train
230331963,0,train
225653584,0,train
13908862,0,train
230529019,0,train
230645826,0,train
230556841,0,train
232925742,0,train
232350655,0,train
231996115,0,train
232039861,0,train
3899847,0,train
230467965,0,train
35025113,0,train
3391129,0,train
230349591,0,train
3863635,0,train
230432810,0,train
3739261,0,train
90523481,0,train
230670913,0,train
3881087,0,train
36350939,0,train
231440875,0,train
230453454,0,train
232439369,0,train
3326534,0,train
231179875,0,train
232905682,0,train
231181199,0,train
230669446,0,train
230400499,0,train
13773398,0,train
3774809,0,train
151223578,0,train
229695175,0,train
232469446,0,train
232431883,0,train
232451413,0,train
3248381,0,train
230424162,0,train
230458605,0,train
232672940,0,train
231029351,0,train
232074729,0,train
232665894,0,train
230702954,0,train
230847032,0,train
18249608,0,train
4860508,0,train
230338346,0,train
232042947,0,train
3687692,0,train
54732027,0,train
232412791,0,train
230577424,0,train
30074536,0,train
231996126,0,train
310170153,0,train
268161710,0,train
310427035,0,train
314833118,0,train
309951601,0,train
309949285,0,train
115643001,1,train
310517063,0,train
313107639,0,train
310804993,0,train
309968255,0,train
310161967,0,train
313119227,0,train
313113567,0,train
309956894,0,train
310494218,0,train
313113561,0,train
11484501,0,train
310467916,0,train
310468663,0,train
310108595,0,train
309959432,0,train
310492335,0,train
111223376,0,train
260549093,0,train
310172848,0,train
311054609,0,train
310110708,0,train
310399847,1,train
310444315,0,train
313110014,0,train
309960441,0,train
310485982,0,train
310171949,0,train
310130850,0,train
310523440,0,train
313118587,0,train
310468655,0,train
310468163,0,train
312171166,0,train
310471936,0,train
310757556,0,train
310520089,0,train
141225153,0,train
313097557,0,train
270161774,0,train
310532392,0,train
310164763,0,train
279132188,0,train
310471414,0,train
291454886,0,train
286181822,0,train
310098060,0,train
311055807,0,train
247592938,0,train
310446842,0,train
314189094,0,train
310471882,0,train
309960768,0,train
310468207,0,train
310475715,0,train
310510646,0,train
310492699,0,train
309994523,0,train
310463620,0,train
196397264,0,train
310495680,0,train
312350139,0,train
13403438,0,train
260972033,0,train
309978153,0,train
314872278,0,train
310073947,0,train
310482692,0,train
310469120,0,train
310428703,0,train
310471612,0,train
310468664,0,train
312849962,0,train
309924066,1,train
312198437,0,train
312820665,0,train
309957585,0,train
312359540,0,train
312495074,0,train
310110709,0,train
310462965,0,train
310471919,0,train
310170641,0,train
312354618,0,train
310526433,0,train
310104865,0,train
312199963,0,train
312157372,0,train
312106094,1,train
310438835,0,train
311057778,0,train
310466993,0,train
310723810,0,train
310163475,0,train
312859992,0,train
313096465,0,train
310157130,0,train
312152262,0,train
272556463,0,train
314842463,0,train
312219996,0,train
310438868,0,train
310468684,0,train
312179828,0,train
27218698,0,train
314832742,0,train
310166976,0,train
312826285,0,train
260549121,0,train
310469134,0,train
310140273,0,train
309967863,0,train
310467908,0,train
313139898,0,train
286654752,1,train
310758931,0,train
314780111,0,train
247641192,0,train
310459032,0,train
312883962,0,train
309959438,0,train
310438845,0,train
312803836,0,train
314415289,0,train
310146561,0,train
286756215,1,train
310758560,0,train
313521604,0,train
246409645,0,train
245202289,0,train
246385582,0,train
246400402,0,train
244679357,0,train
245439829,0,train
246007739,0,train
211149189,0,train
245232373,0,train
244681152,0,train
245190237,0,train
245502826,0,train
245435106,0,train
245341775,0,train
244315021,0,train
246377888,0,train
24404821,0,train
246188221,0,train
245200594,0,train
245231977,0,train
102431851,0,train
245966836,0,train
245939847,0,train
246134245,0,train
245795489,0,train
245223868,0,train
244684628,0,train
245415105,0,train
246387332,0,train
245413913,0,train
246387308,0,train
181288518,0,train
245361533,0,train
245464295,0,train
245424187,0,train
246246457,0,train
244367236,0,train
246134689,0,train
245795496,0,train
245501388,0,train
244301586,0,train
246371229,0,train
245823971,0,train
245240477,0,train
244665067,0,train
244685948,0,train
246187913,0,train
74572332,0,train
244681551,0,train
245200623,0,train
238674408,0,train
250218567,0,train
244688655,0,train
74566860,0,train
246107751,0,train
244688578,0,train
232298403,0,train
112915489,0,train
246388169,0,train
245266671,0,train
246371240,0,train
244688143,0,train
245492227,0,train
244687666,0,train
245372757,0,train
245176364,0,train
244308475,0,train
246131003,0,train
244666009,0,train
240477091,0,train
245424155,0,train
246114866,0,train
244315302,0,train
245170632,0,train
245227132,0,train
245417415,0,train
246378457,0,train
245439837,0,train
245804017,0,train
245423749,0,train
245369492,0,train
244804328,0,train
245198208,0,train
245789143,0,train
246078917,0,train
244666014,0,train
245812809,0,train
245170291,0,train
246106614,0,train
244359624,0,train
244700728,0,train
245795520,0,train
229108361,0,train
244715118,0,train
245488612,0,train
245414818,0,train
202981684,0,train
244309926,0,train
245248598,0,train
245826024,0,train
246403435,0,train
245241002,0,train
245165595,0,train
245265356,0,train
246339604,0,train
246117789,0,train
245170658,0,train
245240480,0,train
245209233,0,train
245224458,0,train
244681563,0,train
245424375,0,train
245411353,0,train
245243928,0,train
245221723,0,train
246276243,0,train
246393285,0,train
245714322,0,train
245834446,0,train
245348908,0,train
180295128,0,train
97622684,0,train
245200625,0,train
246402552,0,train
245180209,0,train
245834867,0,train
246450416,0,train
245240424,0,train
246109342,0,train
244701916,0,train
57741717,0,train
246396146,0,train
245179769,0,train
244666826,0,train
244351349,0,train
246125974,0,train
245231973,1,train
86709538,0,train
26213002,0,train
61125649,0,train
22837965,0,train
279056313,0,train
279185185,0,train
52118476,0,train
22838027,0,train
22837929,0,train
279103012,0,train
87066052,0,train
22837818,0,train
22837907,0,train
58074217,0,train
22837808,0,train
279491323,0,train
86737022,0,train
86962611,0,train
58075730,0,train
86788735,0,train
10346912,0,train
22837815,0,train
22837956,0,train
87805794,0,train
86814685,0,train
279199578,0,train
86605291,0,train
86572204,0,train
22837973,0,train
87932295,0,train
279472690,0,train
279477635,0,train
88232255,0,train
87606216,0,train
127337013,0,train
5427053,0,train
86735808,0,train
93259603,1,train
22837908,0,train
22837927,0,train
86723918,0,train
87719174,0,train
87657771,0,train
26889623,0,train
279543901,0,train
17619833,0,train
22837779,0,train
32198446,0,train
58069587,0,train
22838023,0,train
22837986,0,train
279441574,0,train
22838016,0,train
88117529,0,train
87681589,0,train
77849670,0,train
15279998,0,train
87038459,0,train
279144817,0,train
86803132,0,train
35718761,0,train
75210039,0,train
22837925,0,train
45960831,0,train
57410868,0,train
73171316,0,train
200997671,0,train
22837853,0,train
87030978,0,train
86805581,0,train
87627060,0,train
4308330,0,train
12129984,0,train
22837820,0,train
87495282,0,train
87013063,0,train
87658533,0,train
86947395,0,train
86738447,0,train
18413413,0,train
87343912,0,train
87628292,0,train
86601933,0,train
87658538,0,train
86833638,0,train
87704658,0,train
86828399,0,train
14379472,0,train
87950768,0,train
26708537,0,train
86599059,0,train
16569581,0,train
86700589,0,train
86704946,1,train
10471946,0,train
22837945,0,train
86934179,0,train
71043538,0,train
86729148,0,train
87752144,0,train
86734567,0,train
86816516,0,train
26319468,0,train
86643218,0,train
88196358,0,train
13813844,0,train
98337514,0,train
35954679,0,train
279135817,0,train
92987394,0,train
86972687,0,train
22837896,0,train
87400128,0,train
86706819,1,train
44995911,1,train
86810829,0,train
87745960,0,train
29230183,0,train
86776068,0,train
135129155,0,train
38509215,0,train
86796566,0,train
86667870,0,train
58080138,0,train
78640503,0,train
87688465,0,train
86735500,0,train
86555578,0,train
87715993,0,train
86579334,0,train
59301350,0,train
178973659,0,train
88222224,0,train
88251139,0,train
22837982,0,train
279142911,0,train
8831627,0,train
22837816,0,train
88011338,0,train
279169319,0,train
279106392,0,train
88230617,0,train
88262426,0,train
169895685,0,train
28117675,0,train
223883435,0,train
224681295,0,train
225280231,0,train
23431274,0,train
224710137,0,train
225686718,0,train
224748263,0,train
225996795,0,train
223731199,0,train
225268074,0,train
224280369,0,train
97697809,0,train
225275767,0,train
224963951,0,train
225074114,0,train
224714041,0,train
224218041,0,train
226432208,0,train
223889737,0,train
224278901,0,train
225908215,0,train
95540887,0,train
223890411,0,train
223936073,0,train
224252867,0,train
223979365,0,train
224745590,0,train
224195596,0,train
224961260,0,train
224689161,0,train
224210242,0,train
224703708,0,train
224210981,0,train
178134696,0,train
224747345,0,train
34035328,0,train
224709062,0,train
224983348,0,train
223974850,0,train
225926279,0,train
225663348,0,train
225321659,0,train
225687026,0,train
183081223,0,train
150809108,0,train
225372894,0,train
224196229,0,train
224244357,0,train
93719421,0,train
224681039,0,train
224209464,0,train
225687048,0,train
77662815,0,train
224747033,0,train
225072192,0,train
224213365,0,train
224647679,0,train
225333852,0,train
223981541,0,train
225280203,0,train
225021636,0,train
97581568,0,train
225961684,0,train
225987657,0,train
224244303,0,train
224765204,0,train
225891874,0,train
36438817,0,train
223941085,0,train
224198210,0,train
225896577,0,train
224200255,0,train
224200474,0,train
225867261,0,train
224696455,0,train
224748697,0,train
224245598,0,train
178134705,0,train
223965481,0,train
224247891,0,train
224217528,0,train
225262365,0,train
224749324,0,train
130301428,0,train
225069871,0,train
225324618,0,train
185504556,0,train
226628871,0,train
137323997,0,train
225893787,0,train
32135772,0,train
224200744,0,train
223970118,0,train
224207589,0,train
223890341,0,train
225966205,0,train
224196217,0,train
224627310,0,train
224763984,0,train
224214355,0,train
225280861,0,train
13606249,0,train
140393664,0,train
225987234,0,train
196191138,0,train
224647769,0,train
224976574,0,train
225056245,0,train
224282216,0,train
225687592,0,train
224241205,0,train
223937880,0,train
146335503,0,train
224258476,0,train
23197275,0,train
224746934,0,train
224970779,0,train
224682902,0,train
140374658,0,train
155303227,0,train
223875266,0,train
224195568,0,train
223963451,0,train
181184527,0,train
224207594,0,train
225912998,0,train
225286037,0,train
148037003,0,train
225286032,0,train
224669997,0,train
178134700,0,train
225671235,0,train
225054962,0,train
167607701,0,train
225910825,0,train
225051105,0,train
224694540,0,train
97476808,0,train
224245600,0,train
224670613,0,train
105866229,0,train
225688961,0,train
225929155,0,train
225050388,0,train
225328459,0,train
225878409,0,train
224695312,0,train
225659906,0,train
223979108,0,train
225066023,0,train
101656057,0,train
224765128,0,train
225876169,0,train
224274073,0,train
224669833,0,train
224715283,0,train
224715854,0,train
130739670,0,train
140533595,0,train
225090665,0,train
225275772,0,train
224246077,0,train
223980681,0,train
223874242,0,train
101653699,0,train
225332927,0,train
140163156,0,train
120710612,0,train
225341793,0,train
223945336,0,train
225051427,0,train
167249991,0,train
224627558,0,train
223978956,0,train
225335000,0,train
213877994,0,train
224978791,0,train
148548413,0,train
163067274,0,train
223979119,0,train
27190466,0,train
224716017,0,train
225039445,0,train
156513871,0,train
223979842,0,train
184257644,0,train
224750195,0,train
129174757,0,train
225071102,0,train
225335973,0,train
223890352,0,train
224678420,0,train
225692533,0,train
225325702,0,train
224651651,0,train
225318829,0,train
223868101,0,train
224715276,0,train
5181004,0,train
224238942,0,train
157545507,0,train
225068977,0,train
224984313,0,train
225050088,0,train
177641201,0,train
223967509,0,train
156109684,0,train
226384519,0,train
225043640,0,train
224207961,0,train
223874908,0,train
224681970,0,train
162670543,0,train
207057059,0,train
223978944,0,train
1452053,0,train
151145257,0,train
224248377,0,train
97561009,0,train
224195254,0,train
225927781,0,train
225064273,0,train
225867271,0,train
121603995,0,train
118269962,0,train
9001433,0,train
121329376,0,train
121855206,0,train
8867912,0,train
9007986,0,train
88618910,0,train
9001347,0,train
121654915,0,train
8991353,0,train
121298655,0,train
121761441,0,train
121656626,0,train
126250018,0,train
8992662,0,train
8989427,0,train
121391281,0,train
121657592,0,train
8991878,0,train
9001385,0,train
9011822,0,train
121644241,0,train
24331408,0,train
121744736,0,train
8899631,0,train
121644236,0,train
71672529,0,train
121654830,0,train
122348003,0,train
121849915,0,train
8967429,0,train
8940075,0,train
118263502,0,train
121674842,0,train
121802214,0,train
8992191,0,train
121300541,0,train
8994151,0,train
94502848,0,train
98772327,0,train
94198267,0,train
94497134,0,train
94484632,0,train
94331687,0,train
94193996,0,train
94047184,0,train
94669716,0,train
94857147,0,train
94334440,0,train
94669112,0,train
94454217,0,train
94324993,1,train
98643773,0,train
94654488,0,train
96549984,0,train
94788612,0,train
94654352,0,train
94331377,0,train
94654164,1,train
94653819,0,train
94332527,0,train
94440429,0,train
94494955,0,train
98752256,0,train
94575619,0,train
94196138,0,train
40080931,0,train
94855379,0,train
96541462,0,train
94332532,0,train
94382854,0,train
94062498,0,train
98759673,0,train
94365957,0,train
94322503,0,train
98787678,0,train
94431409,0,train
94452935,0,train
94557198,0,train
94436725,0,train
94654153,1,train
94198054,0,train
94552052,0,train
94028241,0,train
98751928,0,train
94502858,0,train
94206002,0,train
94303948,0,train
98749005,0,train
96544891,0,train
98728644,1,train
94654120,1,train
96566620,0,train
94556093,0,train
94855278,0,train
94365618,0,train
94469137,0,train
96566026,0,train
94074328,0,train
98800464,0,train
94654128,1,train
94770991,0,train
94381433,0,train
94159664,0,train
94335919,0,train
94003168,1,train
94579943,0,train
98752917,0,train
94332593,0,train
94568940,0,train
94051990,1,train
94576482,0,train
94196810,0,train
94672013,0,train
94372683,1,train
94365447,0,train
94197678,0,train
94751161,0,train
98746816,0,train
94192805,0,train
94498398,0,train
94370929,1,train
94781864,0,train
98623027,1,train
93990115,0,train
94370918,1,train
94444095,0,train
94443923,0,train
93992198,0,train
94198273,0,train
98792652,0,train
94635957,0,train
94208736,0,train
94431200,0,train
94579230,0,train
94420111,0,train
94198269,0,train
94654166,1,train
94431948,0,train
94332321,0,train
94577944,0,train
94378443,0,train
93992193,0,train
94060320,0,train
94208740,0,train
98648838,0,train
94371209,0,train
94175879,0,train
96423601,0,train
94682526,1,train
94057651,0,train
96463835,0,train
94654130,1,train
98604431,0,train
94332322,0,train
96455014,0,train
98745699,0,train
94654257,1,train
98648836,0,train
94440025,0,train
94054558,0,train
94496438,0,train
94039968,0,train
94642680,0,train
94453562,0,train
94575730,0,train
94064109,0,train
94002267,0,train
94588284,0,train
94570619,0,train
94061107,0,train
191134943,0,train
191120347,0,train
190447281,0,train
191500907,0,train
62895286,0,train
190039104,0,train
62565943,0,train
190499916,0,train
191198260,0,train
191117765,0,train
190822038,0,train
191192940,0,train
191704543,0,train
190829768,0,train
191428856,0,train
136738104,0,train
190479769,0,train
190826173,0,train
191185484,0,train
190450470,0,train
126806129,0,train
190437437,0,train
5433567,0,train
190005963,1,train
191115060,0,train
191150344,0,train
189984406,1,train
191192918,0,train
191192795,0,train
190448354,0,train
190432998,1,train
36578884,0,train
191220667,0,train
190830357,0,train
190068318,0,train
42973205,0,train
126858847,0,train
191461279,0,train
191119218,0,train
191390817,0,train
191778040,0,train
191549749,0,train
190524542,0,train
189996490,0,train
190829014,0,train
146673,0,train
191121614,0,train
190967423,0,train
191392365,0,train
193059422,0,train
191193343,0,train
190084011,0,train
190452285,0,train
190828961,0,train
190851025,0,train
153483250,0,train
191107599,1,train
191705250,0,train
190057270,0,train
190450669,0,train
190450461,0,train
191574461,0,train
191391145,0,train
191193352,0,train
191163399,0,train
191640342,0,train
190423883,0,train
189987003,0,train
191199449,0,train
191703455,0,train
190829152,0,train
191394865,0,train
190832605,0,train
190452292,0,train
190838446,0,train
191193090,0,train
190830364,0,train
190872230,0,train
190829867,0,train
190079561,0,train
191683004,0,train
190451931,0,train
190114833,0,train
190086110,0,train
191108972,1,train
190014303,1,train
191108949,1,train
190822887,0,train
43395897,0,train
190822551,0,train
190108275,0,train
191679238,0,train
191392373,0,train
10738753,0,train
190832282,0,train
191555408,0,train
191197964,0,train
191391315,0,train
190830355,0,train
190459923,0,train
190896849,0,train
190460913,0,train
190044072,0,train
56664561,0,train
78602666,0,train
11177013,1,train
190450673,0,train
131734843,0,train
190450458,0,train
191409870,0,train
190436767,0,train
190057264,0,train
190484031,0,train
190451493,0,train
190832756,0,train
14337642,0,train
193057003,0,train
190057431,0,train
175810270,0,train
175127667,0,train
179084428,0,train
175117564,0,train
175078244,0,train
226668089,1,train
179044743,0,train
23172096,0,train
179111397,0,train
174765538,0,train
179039627,1,train
226668107,1,train
5298376,1,train
175042800,0,train
175405815,1,train
179069339,1,train
175407499,1,train
175763907,0,train
175472200,0,train
175466973,0,train
175754494,0,train
175465980,0,train
179039637,1,train
179071779,0,train
226668060,1,train
191673474,0,train
179036892,0,train
226668579,1,train
179002209,0,train
226668063,1,train
178920090,0,train
175468035,0,train
175079126,0,train
175399541,0,train
179062509,0,train
90801333,0,train
179037718,1,train
179096044,0,train
175101308,0,train
180036526,0,train
179059567,0,train
226667165,1,train
174789242,0,train
174787972,0,train
49025744,0,train
175086544,0,train
175136161,0,train
179039997,0,train
178867257,0,train
175525368,0,train
226667662,1,train
198221474,1,train
179039638,1,train
175795307,0,train
179147506,0,train
175574077,0,train
175546135,0,train
5298346,1,train
175484113,0,train
179069341,0,train
175470370,0,train
47784914,0,train
175472939,0,train
175756281,1,train
175064960,0,train
226668104,1,train
226651302,0,train
179059540,0,train
175078477,0,train
175488764,0,train
175410705,1,train
175471524,0,train
5298236,1,train
179028218,0,train
135722390,1,train
179100045,1,train
226668078,1,train
175406508,1,train
179094476,0,train
179036538,0,train
179100516,1,train
175463780,0,train
179138698,0,train
179063546,0,train
175169454,0,train
5298275,1,train
179145547,0,train
179105917,0,train
68706499,0,train
68466194,0,train
43130802,0,train
43397277,0,train
42674491,0,train
68607282,0,train
43134169,0,train
38263817,0,train
43352688,0,train
43465522,0,train
43928360,0,train
43035681,0,train
68380539,0,train
38255847,0,train
43134173,0,train
43151655,0,train
42758801,0,train
43038734,0,train
43459486,0,train
43122439,0,train
36892884,0,train
13089717,0,train
43378107,0,train
68451851,0,train
43473525,0,train
43018737,0,train
41472082,0,train
42733070,0,train
38176446,0,train
43493905,0,train
65576060,0,train
43001008,0,train
43494643,0,train
42626781,0,train
42662351,0,train
43151367,0,train
68444997,0,train
43493359,0,train
43468663,0,train
43477175,0,train
43494077,0,train
68780964,0,train
46842799,0,train
43347412,0,train
68810998,0,train
40694214,0,train
43079789,0,train
43348572,0,train
47254001,0,train
68463040,0,train
42630648,0,train
42625982,0,train
43039622,0,train
42656306,0,train
43151873,0,train
43650362,0,train
43455641,0,train
43474499,0,train
42675020,0,train
68464513,0,train
43323509,0,train
43134259,0,train
43464829,0,train
42671117,0,train
43000198,0,train
43354777,0,train
68451843,0,train
43032187,0,train
68592700,0,train
41417793,0,train
68784051,0,train
38654036,0,train
43123438,0,train
43378959,0,train
43315941,0,train
39074420,0,train
43468594,0,train
42960555,0,train
43148244,0,train
68803905,0,train
43476909,0,train
43352702,0,train
42624355,0,train
42674483,0,train
42626764,0,train
43151924,0,train
43344594,0,train
43322914,0,train
68614402,0,train
68532536,0,train
43143613,0,train
43001018,0,train
43480912,0,train
43493418,0,train
43445815,0,train
103696137,0,train
12379727,0,train
234865333,0,train
180735,0,train
236172150,0,train
234559574,1,train
234252357,0,train
7960124,0,train
234560399,0,train
234711170,1,train
234166249,1,train
113788568,1,train
1455113,0,train
2599245,0,train
56189770,0,train
48052548,0,train
28601468,1,train
234709741,0,train
760733,0,train
234785036,0,train
234612673,0,train
103696136,0,train
1809394,0,train
7225112,0,train
234706981,0,train
20662346,0,train
234163504,0,train
103264850,0,train
234381263,0,train
102250802,1,train
234566329,0,train
47079298,0,train
234654772,0,train
234836328,1,train
234706984,0,train
234163491,0,train
234152126,0,train
235823323,0,train
234711179,1,train
3278956,0,train
234728872,0,train
3583025,0,train
234161448,0,train
234170848,0,train
234707104,0,train
234579072,0,train
234181517,0,train
234592032,0,train
1583848,0,train
234557847,0,train
234835582,0,train
234559581,1,train
235423386,0,train
234582836,0,train
122854675,0,train
234842110,0,train
234565828,1,train
63094013,0,train
234849885,0,train
26469681,0,train
203221795,1,train
234707895,0,train
234872646,0,train
30092366,0,train
236114869,1,train
236139941,0,train
234711168,0,train
14385870,0,train
99875178,0,train
234687192,0,train
236165986,0,train
234901288,0,train
234560074,1,train
234235191,0,train
234686185,0,train
234180890,0,train
234672044,1,train
235419634,1,train
234681339,0,train
234890834,0,train
47580334,0,train
64099484,1,train
234890832,0,train
10386895,0,train
234698853,0,train
27819025,0,train
234671804,0,train
399844596,0,train
346107389,0,train
399669229,1,train
347334606,0,train
347592194,0,train
346371217,0,train
346415951,0,train
346107628,0,train
399669952,0,train
346380925,0,train
399672349,0,train
346415950,0,train
346118664,0,train
346155479,0,train
346107397,0,train
346084171,0,train
346363157,0,train
346109461,0,train
346103619,0,train
399671579,0,train
346163390,0,train
346396869,0,train
399668154,0,train
347334688,0,train
346096742,0,train
346096743,0,train
258744348,0,train
15821102,0,train
346406565,0,train
346122791,0,train
346175316,0,train
399842467,0,train
401209821,0,train
255198297,0,train
346418945,0,train
291011187,0,train
346118619,0,train
346099953,0,train
346389993,0,train
346376916,1,train
346161554,0,train
346391297,0,train
323071193,0,train
352710025,0,train
297315693,0,train
346379349,1,train
346396662,0,train
339089374,0,train
339058897,0,train
339096320,0,train
339095537,1,train
339475960,0,train
339054464,0,train
339101829,0,train
339156801,0,train
339153973,0,train
340075634,0,train
339157927,0,train
339057693,1,train
339110981,0,train
339057317,1,train
339058909,0,train
339093557,1,train
153770053,0,train
339153842,0,train
339075526,0,train
339089111,0,train
339057918,1,train
339095657,1,train
339083873,0,train
339089385,0,train
50769663,0,train
339093920,1,train
339057234,1,train
108074504,0,train
339383741,0,train
339159324,0,train
339054271,0,train
339093287,1,train
339964537,1,train
339459035,0,train
339057216,1,train
339057180,1,train
339095155,1,train
97472031,0,train
339058421,1,train
339061724,0,train
339153233,0,train
339057627,1,train
339057938,1,train
339057342,1,train
339057949,1,train
339271891,0,train
339057361,1,train
339058387,1,train
339094202,1,train
339732443,0,train
339096344,1,train
339153225,0,train
339499222,0,train
339096356,1,train
339089505,0,train
284128608,1,train
340072827,1,train
339057973,1,train
339064535,0,train
339093165,1,train
339153224,0,train
137242907,0,train
340072976,1,train
339495469,0,train
339081966,0,train
208356085,1,train
339061675,0,train
339553114,1,train
339057213,1,train
339057667,1,train
339456619,0,train
339058895,0,train
339057493,1,train
339095636,1,train
752973,0,train
339095176,1,train
339059187,0,train
339259970,0,train
339120987,0,train
339648610,0,train
339101940,1,train
339496327,0,train
15927794,0,train
15429692,0,train
15234332,0,train
20210169,0,train
15883790,0,train
16049565,0,train
15987686,0,train
15878270,0,train
15989048,0,train
15857751,1,train
15236318,1,train
15427910,0,train
18037121,0,train
15235228,0,train
15430754,0,train
15367366,0,train
39533091,0,train
15932048,0,train
15243252,0,train
16182250,0,train
15015569,0,train
15827453,0,train
15009284,0,train
15987405,0,train
15935251,0,train
15351650,0,train
39597250,0,train
16239353,0,train
15108126,0,train
15099151,0,train
19472391,0,train
15412769,0,train
14948853,0,train
15879403,0,train
15236333,1,train
16155707,1,train
16144422,0,train
16220781,0,train
21599005,1,train
15355249,0,train
14994481,0,train
21701149,1,train
15360333,0,train
15427790,0,train
238489526,0,train
241539045,0,train
238236336,0,train
43778773,0,train
238197481,0,train
238191642,0,train
241503292,0,train
244649977,0,train
241527362,0,train
244614613,0,train
244650343,0,train
238226904,0,train
7248054,0,train
243782720,0,train
244629532,1,train
241537935,0,train
241567640,0,train
241503808,1,train
241501677,0,train
240773677,0,train
238270786,0,train
238246147,0,train
238389356,0,train
238199991,0,train
241567089,0,train
244630758,1,train
238324188,0,train
238227062,0,train
244629513,1,train
245682786,0,train
241489566,0,train
240785418,1,train
238224776,0,train
238222607,0,train
243902489,0,train
244629190,1,train
244630836,1,train
241494081,0,train
242806162,0,train
238332934,0,train
238196194,0,train
245656393,1,train
244630232,1,train
241545190,0,train
238271615,0,train
245675715,0,train
114256482,0,train
242497484,0,train
241518934,0,train
238324166,0,train
238324207,0,train
244629967,1,train
245712136,0,train
243782650,0,train
238296237,0,train
241538640,0,train
243780211,1,train
240985031,0,train
244628490,1,train
244629530,1,train
245682810,0,train
239232197,0,train
243781008,1,train
243782732,0,train
239166125,0,train
244629560,1,train
238517144,0,train
243780205,1,train
243165321,0,train
241537638,1,train
244629224,1,train
243785812,0,train
241499839,0,train
238229270,0,train
241488818,1,train
378462653,0,train
378346583,0,train
255589464,1,train
378519912,0,train
378437543,0,train
378253189,0,train
378620610,0,train
378248636,1,train
378510456,0,train
378426758,0,train
10738910,0,train
378510612,0,train
273775670,0,train
331710617,0,train
95615377,0,train
340190501,0,train
378060065,1,train
378058507,1,train
378394830,0,train
378255874,0,train
378250957,1,train
329497416,0,train
378464162,0,train
378284114,0,train
378249009,1,train
378670397,0,train
378593364,1,train
378195329,0,train
378250397,1,train
378360879,0,train
317059569,0,train
378251094,1,train
378410644,0,train
378594836,1,train
378619924,0,train
331044888,0,train
243890275,0,train
378104968,0,train
378608349,0,train
378324030,0,train
378593247,1,train
259057488,1,train
378408908,1,train
378161953,0,train
378179836,0,train
378504431,0,train
378064478,0,train
285245430,0,train
378073332,0,train
378256428,1,train
378254930,0,train
378074731,0,train
378590214,0,train
378256208,0,train
378574698,0,train
378059010,1,train
82278553,0,train
378573358,0,train
378098329,0,train
378065549,0,train
231683620,0,train
378250108,1,train
303112157,0,train
378395282,0,train
242666606,0,train
37390149,0,train
378104937,0,train
390320402,0,train
390564469,0,train
390372365,0,train
390338909,0,train
390558673,0,train
390343151,0,train
390320288,0,train
390319962,0,train
390390388,0,train
327867530,0,train
390558968,0,train
390247304,0,train
390771404,0,train
57138711,0,train
390511690,0,train
390536748,0,train
390605832,0,train
279909029,0,train
239716426,0,train
390782748,0,train
399567251,0,train
390571440,1,train
390425812,0,train
390979806,0,train
390339940,0,train
390422334,0,train
390345995,0,train
390524506,0,train
352498802,0,train
390429860,0,train
93328591,0,train
238609889,0,train
390577552,1,train
247314557,0,train
390571413,1,train
390343145,0,train
390503173,1,train
390329994,0,train
390076579,0,train
390319974,0,train
391083953,0,train
390370669,0,train
390059983,0,train
390586960,0,train
390370650,0,train
390607112,0,train
284838505,0,train
390769721,0,train
390556866,0,train
390538362,0,train
317923670,0,train
390773298,0,train
248704586,0,train
390534410,0,train
390345976,0,train
390395627,0,train
390242326,0,train
299051748,0,train
337537054,0,train
390605890,0,train
390607117,0,train
390320395,0,train
390041751,0,train
390319970,0,train
286301063,0,train
390342484,0,train
390498209,1,train
203673405,0,train
390335413,0,train
391438372,0,train
390041746,0,train
390319989,0,train
390592819,0,train
390575987,1,train
390588541,0,train
390420259,1,train
305032407,0,train
390370792,0,train
390578726,1,train
248902335,0,train
248918924,0,train
248912344,0,train
248918587,0,train
248889596,0,train
248904990,0,train
248905794,0,train
248918490,0,train
249336369,0,train
248913785,0,train
248902370,0,train
249338763,1,train
248913895,0,train
248922781,0,train
248904210,0,train
248934633,0,train
248902657,0,train
248905686,0,train
248903644,0,train
248903647,0,train
248902093,0,train
248904306,0,train
248918611,0,train
249237390,0,train
248915061,0,train
248908042,0,train
248913535,0,train
248915723,1,train
248904223,1,train
248889946,0,train
249338773,1,train
248887585,0,train
249338695,1,train
248926907,0,train
248888356,1,train
248900732,1,train
363386237,0,train
140120412,0,train
363682080,0,train
363219241,0,train
362975704,0,train
363051638,0,train
362840857,0,train
363531091,0,train
182581177,0,train
363147216,0,train
29557010,0,train
363748917,0,train
363764429,0,train
363541005,0,train
293801273,0,train
363341883,0,train
363225461,0,train
363711601,0,train
8278020,0,train
363660984,1,train
362943680,0,train
363049987,0,train
363340383,0,train
362940530,0,train
363597804,0,train
363660760,1,train
363662380,1,train
363340525,0,train
363776121,0,train
363601411,0,train
363060936,0,train
363057028,0,train
363776560,0,train
363130581,0,train
363006866,0,train
363050561,0,train
221959531,0,train
363525444,1,train
363221616,0,train
363033202,0,train
363300478,1,train
224127702,0,train
362953281,0,train
362839796,0,train
363326855,0,train
363300945,1,train
363052507,0,train
363092971,0,train
363217664,0,train
363051158,0,train
362839593,0,train
363653584,0,train
363224675,0,train
363055096,0,train
363098093,0,train
363528251,1,train
362874842,0,train
156480546,0,train
221738126,0,train
362939092,0,train
363773002,1,train
362843374,0,train
309871393,0,train
363774346,1,train
363122055,0,train
363093664,0,train
363040811,0,train
207235899,0,train
363081301,1,train
279176622,0,train
363663463,0,train
362841068,0,train
362921938,0,train
363050870,0,train
362943546,0,train
363765015,0,train
331842339,0,train
363059014,0,train
363772997,0,train
363120989,0,train
208992025,0,train
210623843,0,train
210624714,1,train
209054310,0,train
210660376,0,train
209797492,0,train
209799194,0,train
208944877,0,train
209922528,1,train
118790722,0,train
209129597,0,train
209052413,0,train
94429635,0,train
208959966,0,train
211181064,0,train
209867496,0,train
55070629,0,train
104483720,0,train
210624713,1,train
209485137,0,train
209499458,0,train
209518732,0,train
210635499,1,train
95117503,0,train
115333920,1,train
211085325,1,train
209946505,1,train
209946514,1,train
83525156,0,train
138359626,0,train
209139836,0,train
211095800,0,train
210624701,1,train
209522313,1,train
208931358,0,train
209822487,1,train
208913476,0,train
209554638,0,train
209512730,0,train
209961366,0,train
51619871,0,train
209488132,0,train
209867206,0,train
209486818,1,train
209511361,0,train
208904961,0,train
210672250,0,train
209794828,0,train
210367157,1,train
208997267,0,train
209065945,0,train
53329746,1,train
209701749,1,train
209681263,1,train
209045696,0,train
209709674,1,train
209515844,0,train
209483930,1,train
209517738,0,train
209682852,1,train
209521989,1,train
209970507,0,train
209669583,0,train
210278727,0,train
209526176,1,train
209685477,0,train
209525247,1,train
210638488,1,train
209522533,1,train
209691967,0,train
106087814,0,train
209842041,0,train
209962612,0,train
209839780,0,train
209075128,0,train
209525915,1,train
209756766,0,train
209945629,1,train
38494021,0,train
209052396,0,train
209561676,0,train
210643424,1,train
210403108,1,train
209922227,1,train
107364854,1,train
209924804,0,train
209071105,0,train
209922223,1,train
210636785,0,train
210368107,0,train
114011110,0,train
100421437,0,train
4125827,0,train
99843177,0,train
99482975,0,train
99910402,1,train
99322056,0,train
98999374,0,train
100043944,0,train
99676511,0,train
99916135,0,train
100966048,0,train
99264099,0,train
109823899,1,train
27116228,0,train
100064492,0,train
113684263,0,train
113958967,0,train
100045534,1,train
106894458,1,train
99191146,1,train
99191482,0,train
99677418,0,train
102273556,0,train
98960964,1,train
100084740,0,train
99246909,0,train
115137877,0,train
100084963,0,train
99989741,0,train
99257359,0,train
113843396,0,train
99912157,0,train
37344313,0,train
99529115,0,train
100090486,0,train
105384389,0,train
99252090,0,train
100777723,0,train
99284955,0,train
99841117,0,train
99644730,0,train
99910225,0,train
99179427,1,train
102584101,1,train
101306000,0,train
311016788,0,train
306161988,0,train
94796531,0,train
372865089,0,train
372739469,0,train
372739859,0,train
316837467,1,train
372878431,0,train
372961870,1,train
372878649,0,train
372878280,0,train
306822977,0,train
372722636,0,train
317125424,0,train
372670689,0,train
314907443,0,train
317008182,0,train
372724761,0,train
372733639,0,train
372722864,0,train
317009252,0,train
372964969,0,train
372670818,1,train
198518541,0,train
372957756,0,train
315579980,0,train
372525832,0,train
373083316,0,train
308243860,0,train
320008709,0,train
372734990,0,train
321015642,0,train
312002700,0,train
315579721,0,train
372827398,0,train
312233617,0,train
372813705,0,train
318120555,0,train
368808748,0,train
372692369,0,train
372882093,0,train
311293725,0,train
372541774,0,train
326264466,0,train
373112207,0,train
372809666,0,train
321774716,0,train
372822946,0,train
317009254,0,train
312520235,0,train
315685734,0,train
310795321,0,train
372867400,1,train
372672188,0,train
372822867,0,train
373076333,0,train
372872725,0,train
340291419,0,train
314907442,0,train
310559249,0,train
310229131,0,train
317402213,0,train
315579993,0,train
368838129,0,train
372535874,0,train
372671152,1,train
372970791,0,train
372811666,0,train
372810471,0,train
372681801,0,train
372723780,0,train
372527520,0,train
312108602,0,train
373083311,0,train
321112780,0,train
372723979,0,train
368737697,0,train
311317979,0,train
310504966,0,train
310756841,0,train
372872481,0,train
372979921,0,train
251475360,0,train
372731556,0,train
162922029,0,train
312446694,0,train
311909568,0,train
368735970,0,train
298313702,0,train
310559052,0,train
312451678,0,train
372681234,0,train
368775193,0,train
373155073,0,train
372822942,0,train
372696513,0,train
311859958,0,train
373156094,0,train
328119510,0,train
269534784,0,train
306488051,0,train
372723794,0,train
373150921,0,train
372696423,0,train
301017460,0,train
372959463,0,train
372680812,0,train
312108739,0,train
332075908,0,train
372733267,0,train
207453656,0,train
310559250,0,train
306266622,0,train
372812229,1,train
312997416,0,train
307461746,0,train
312152986,0,train
372812265,1,train
372550380,0,train
373075862,1,train
372812245,1,train
372881239,0,train
308449024,0,train
323477650,0,train
368733653,0,train
372525403,0,train
310607529,0,train
372871303,0,train
368766351,0,train
372971132,0,train
368746096,0,train
372883920,0,train
300849603,0,train
372957796,0,train
368795934,0,train
296712537,1,train
372750949,0,train
372823520,0,train
368784771,0,train
312152999,0,train
336812640,0,train
315555148,0,train
311693197,0,train
372681231,0,train
373150934,0,train
306620329,0,train
300827525,0,train
368784360,0,train
317574806,0,train
372724281,0,train
372822585,0,train
311016778,0,train
372815931,0,train
336141997,0,train
372532518,0,train
372957766,0,train
372739453,0,train
372957106,0,train
312230041,0,train
311036237,0,train
298627595,0,train
192801521,0,train
372969615,0,train
372680791,0,train
315272973,0,train
368749102,1,train
310559021,0,train
372727664,0,train
301051635,0,train
256696545,0,train
373111361,0,train
373160349,0,train
362555229,0,train
312451238,0,train
312818346,0,train
306107653,0,train
368738628,0,train
273326334,0,train
267162761,0,train
372687760,0,train
372748932,0,train
312471632,0,train
315292291,0,train
368749493,0,train
368749653,1,train
330181247,0,train
368766344,0,train
312666534,0,train
373155522,0,train
373150910,0,train
195116886,0,train
345901141,0,train
337069012,0,train
332771446,1,train
337099368,0,train
331501986,0,train
331536710,0,train
176350914,0,train
136428640,0,train
246329443,0,train
331492112,0,train
336721775,0,train
331567204,0,train
331536770,0,train
336428206,0,train
331556319,0,train
331500925,0,train
337128954,0,train
30620621,0,train
331492665,0,train
331573663,1,train
331500899,0,train
331530347,0,train
331521545,0,train
331555629,0,train
336428579,0,train
249259563,0,train
363341912,0,train
343063325,0,train
48099604,0,train
331566600,0,train
346379998,0,train
331556163,0,train
331554137,0,train
258833798,0,train
331542417,0,train
331566923,0,train
331496930,0,train
331500921,0,train
331536042,0,train
264370337,0,train
363336354,0,train
336465236,0,train
331551407,0,train
331993536,0,train
336480687,0,train
331505834,0,train
331531734,0,train
331495006,0,train
334369644,0,train
336428580,0,train
258876243,0,train
327985691,0,train
331575516,0,train
331575521,0,train
331492042,0,train
331607579,0,train
116739434,0,train
331491095,0,train
205410282,0,train
336431434,0,train
284845176,0,train
331536705,0,train
335762384,0,train
331567233,0,train
331492090,0,train
331518794,0,train
304069313,0,train
297096686,0,train
331492810,0,train
331521990,0,train
331567155,0,train
363345585,0,train
176127022,0,train
331566230,0,train
336423814,0,train
336465448,0,train
331500929,0,train
336720556,0,train
379049035,0,train
331565831,0,train
206393857,0,train
32402639,0,train
336426012,0,train
363438221,0,train
53535414,0,train
245097126,0,train
331539162,0,train
331536567,0,train
336448180,0,train
335999430,0,train
331551421,0,train
336465521,0,train
331500792,0,train
225739576,0,train
331532069,0,train
331492045,0,train
205475977,0,train
363383922,0,train
336765709,0,train
331501165,0,train
337185187,0,train
331518848,0,train
331564250,0,train
331500901,0,train
336046251,0,train
336473560,0,train
331536017,0,train
334739774,0,train
336716965,0,train
331507389,0,train
331500756,0,train
331496373,0,train
333197825,0,train
331512362,0,train
344313519,1,train
337073990,0,train
331623513,0,train
331500882,0,train
363383920,0,train
260029963,0,train
134019421,0,train
99748851,0,train
331756830,0,train
220934116,0,train
336447920,0,train
331999304,0,train
299373730,0,train
272271687,0,train
299917160,0,train
272075100,0,train
272172164,0,train
272285898,0,train
47719758,0,train
295553950,1,train
272282340,0,train
158830674,0,train
272282349,0,train
272153856,0,train
272089663,0,train
272153861,0,train
272123654,0,train
272485269,1,train
281366816,1,train
272698187,0,train
272677971,0,train
272088124,0,train
272428611,0,train
272680545,0,train
272141681,0,train
128921708,0,train
272153337,0,train
272334226,0,train
299367843,0,train
272110251,0,train
272271144,1,train
272339010,0,train
272308029,0,train
272153364,0,train
272334233,0,train
272483352,0,train
145661456,0,train
272615962,0,train
272082813,0,train
272333502,0,train
272172160,0,train
272178923,0,train
160537610,0,train
290376000,1,train
282983439,0,train
272308093,0,train
272172144,0,train
272192596,0,train
272746382,0,train
272464543,0,train
272698163,0,train
161473006,0,train
272759903,0,train
272416198,0,train
272472261,0,train
176016107,0,train
272100307,0,train
272438011,0,train
272075111,0,train
272721373,0,train
272437996,0,train
90457211,0,train
272153870,0,train
272077947,0,train
272465918,0,train
272419394,0,train
272268525,0,train
272700905,0,train
272075668,0,train
272152600,0,train
186560397,0,train
272307995,0,train
272472007,0,train
272285937,0,train
272697471,0,train
272282989,0,train
272334240,0,train
272319853,0,train
272140898,0,train
146018095,0,train
272025693,0,train
191807592,1,train
272469191,0,train
272428601,0,train
272153440,0,train
272469587,0,train
167725415,0,train
272700930,0,train
272331376,0,train
228593708,1,train
272282338,0,train
251245734,0,train
272419344,0,train
272172040,0,train
277373532,1,train
137959150,1,train
272428631,0,train
272681172,0,train
272154359,0,train
85898753,0,train
272088740,1,train
146122794,0,train
143068075,0,train
272616069,0,train
272339777,0,train
299375312,0,train
272327153,0,train
272472678,1,train
272141696,0,train
150486853,0,train
74936005,0,train
150351767,0,train
125995056,0,train
272522056,0,train
272156069,0,train
272339787,0,train
272520154,0,train
272298821,0,train
258406535,0,train
272465925,0,train
272462702,0,train
272079446,0,train
272175057,0,train
299516873,0,train
272155387,0,train
272520162,0,train
272494906,0,train
272430214,0,train
272833188,0,train
272075122,0,train
272113647,0,train
272267032,0,train
272432438,1,train
178327770,0,train
272529611,1,train
283185918,1,train
6137605,0,train
158489258,0,train
277082298,0,train
268795728,1,train
269905669,1,train
283195173,1,train
269499660,0,train
96638639,0,train
269139450,0,train
1729453,0,train
277286218,0,train
269502435,1,train
86739335,0,train
283190987,1,train
1778033,0,train
269434069,0,train
86934066,0,train
201454341,0,train
268939748,0,train
277182946,0,train
268863160,0,train
129629174,0,train
268796589,1,train
269078339,0,train
295123968,0,train
283194270,1,train
269870093,1,train
295154779,0,train
131845411,0,train
106651731,0,train
268806590,0,train
269992900,0,train
148944147,0,train
283194271,1,train
214653705,0,train
268938259,0,train
268849739,0,train
86631875,0,train
276946809,0,train
277279505,0,train
269533550,0,train
274288722,1,train
268791658,1,train
283161041,1,train
270335027,0,train
285662565,0,train
269511640,1,train
283192409,1,train
283190991,0,train
268827747,0,train
276940182,1,train
283361715,0,train
194258293,0,train
174993055,0,train
269459069,1,train
269128522,0,train
269560933,0,train
69266385,1,train
266195794,0,train
269504393,0,train
283173240,0,train
283204877,0,train
87257924,0,train
269037093,0,train
283190986,1,train
269962834,0,train
276992185,1,train
269908866,0,train
269546687,0,train
274910703,0,train
283285907,1,train
259058541,0,train
269500636,1,train
158633723,1,train
269546670,0,train
283178275,1,train
276992173,1,train
210556490,0,train
269040930,0,train
294506172,1,train
313361709,0,train
30233709,1,train
84481491,0,train
84724712,0,train
84362085,0,train
84362089,0,train
85000321,0,train
84997405,0,train
84752691,0,train
112156394,0,train
84997422,0,train
74826235,0,train
84723716,0,train
294585403,0,train
294518684,0,train
84756280,0,train
313372200,0,train
84759106,0,train
84752806,0,train
84709382,0,train
84313961,0,train
85008537,0,train
84753038,0,train
84471826,0,train
87163752,0,train
85695297,0,train
88319879,0,train
85254413,1,train
85001950,0,train
84338743,1,train
84724409,0,train
85004958,0,train
84735702,0,train
84371034,0,train
294527019,0,train
84315054,0,train
85005017,0,train
84754231,0,train
84997404,0,train
84313922,0,train
85002436,1,train
283314003,0,train
84996742,0,train
85616684,1,train
95565873,0,train
84749894,1,train
122637303,0,train
84719943,1,train
86162920,0,train
84999610,0,train
84719000,1,train
84361631,0,train
91438372,0,train
84762072,0,train
84317444,0,train
84357447,0,train
84754391,0,train
294465808,0,train
293925926,0,train
294203074,0,train
294463731,0,train
216531456,0,train
227443352,0,train
294454392,1,train
294509819,0,train
256878010,0,train
294473015,0,train
294326748,0,train
294326775,0,train
294300045,0,train
294492648,1,train
294492018,0,train
246044986,0,train
139195597,0,train
139274016,1,train
139274532,1,train
141027140,0,train
139290218,0,train
139274007,1,train
200285054,0,train
139277584,0,train
139232135,0,train
139274014,1,train
139298171,0,train
145628606,0,train
145169665,0,train
402916803,0,train
139281587,0,train
235508399,0,train
139264316,0,train
139232052,1,train
246066679,1,train
139274522,1,train
139234331,0,train
139281592,0,train
139274004,1,train
139195598,0,train
139270628,0,train
139274021,1,train
139234339,0,train
246066712,1,train
139277586,0,train
139274003,1,train
139274015,1,train
163687130,0,train
35982595,0,train
163901912,0,train
48202347,0,train
36587040,0,train
163884616,0,train
163847353,0,train
96491400,0,train
163822979,0,train
163591905,0,train
163667324,1,train
163720724,0,train
163687924,0,train
163821035,0,train
163673319,0,train
163678953,0,train
163655085,1,train
163886758,1,train
168173722,0,train
165847489,0,train
163649915,1,train
163822268,1,train
163832322,0,train
167748861,1,train
159939687,0,train
163669681,1,train
163596680,0,train
166071629,1,train
163654828,0,train
78348608,0,train
163720373,0,train
144435268,1,train
163691027,1,train
163720722,0,train
163808845,0,train
163862189,0,train
163708782,0,train
163806306,0,train
165837178,0,train
163803800,0,train
163687209,0,train
51828013,0,train
163806006,0,train
166071333,1,train
163584762,0,train
168122867,1,train
166070889,1,train
163586130,1,train
163901986,0,train
165853639,0,train
163591917,0,train
163654842,1,train
163886784,0,train
73689157,0,train
163708185,0,train
163653040,0,train
166502190,0,train
103912881,1,train
163909222,0,train
163669687,1,train
165849940,1,train
163704788,0,train
168116419,0,train
163807999,0,train
168139113,1,train
163818879,0,train
163728151,0,train
166496136,0,train
168113324,0,train
163586393,1,train
163909471,0,train
163807961,0,train
163808008,0,train
163708871,0,train
163895300,0,train
163809263,0,train
166500118,0,train
163804072,0,train
163681641,0,train
163728100,0,train
168207443,0,train
163862208,0,train
163687228,0,train
164883259,0,train
163803281,0,train
163586423,1,train
163867298,1,train
163670747,1,train
163731094,0,train
163709462,0,train
163822560,1,train
163900664,0,train
163729917,0,train
164096836,0,train
163704764,0,train
163886786,0,train
163896497,0,train
94138728,0,train
163649917,1,train
163804078,0,train
163902163,0,train
163716475,0,train
163839281,0,train
163731090,0,train
163909233,0,train
163807960,0,train
164757136,0,train
165849645,1,train
163883424,0,train
166509068,0,train
163653043,0,train
163867597,1,train
163684540,0,train
166073776,0,train
98309038,1,train
163808034,1,train
163811227,1,train
150117254,1,train
43878665,1,train
163804110,0,train
163721269,0,train
166069553,1,train
163635936,0,train
163824970,0,train
163655003,0,train
166495212,1,train
163862512,0,train
22856624,0,train
165872867,0,train
163651932,0,train
163909224,0,train
38811224,0,train
299102158,0,train
298735057,0,train
299158314,1,train
298980600,0,train
299112722,0,train
299109642,0,train
298686625,1,train
299047815,0,train
239555804,0,train
298686621,1,train
299192392,0,train
299043836,0,train
299012053,0,train
299057365,0,train
298711661,0,train
19866655,0,train
299197480,0,train
299178542,0,train
299109136,0,train
299109130,0,train
298701271,0,train
299191785,0,train
298721681,0,train
57663929,0,train
300142336,0,train
176607684,0,train
275170200,0,train
299036083,1,train
301211972,0,train
235167280,0,train
299110384,0,train
299185444,0,train
301179834,0,train
298967059,0,train
298701259,0,train
298985047,0,train
299190381,0,train
299125710,0,train
298682289,0,train
299066207,0,train
299044847,1,train
101754828,0,train
275287246,0,train
298687604,0,train
299178067,1,train
299178846,1,train
228274248,0,train
301182635,0,train
299043102,0,train
298709548,0,train
299172430,1,train
298998446,0,train
298998301,0,train
179228096,0,train
299109175,0,train
299047999,0,train
268207612,0,train
298681295,0,train
299150040,0,train
270965504,0,train
298711655,0,train
300565817,0,train
299339145,0,train
299084184,0,train
119241681,0,train
382989698,0,train
386095359,0,train
380214648,0,train
382885830,0,train
383226586,0,train
383229647,0,train
376281880,0,train
383753213,0,train
321964514,0,train
382969907,0,train
385964805,0,train
275437558,0,train
110107361,0,train
382965631,1,train
146800503,0,train
348230493,1,train
275639359,0,train
8482106,0,train
382964941,0,train
333937320,0,train
327204609,0,train
383550841,0,train
380201406,0,train
381898651,0,train
386053268,0,train
156926241,0,train
376251487,0,train
383071406,0,train
381848059,0,train
382993299,0,train
383048825,1,train
218056702,0,train
386137244,1,train
284789955,0,train
320328394,0,train
376206522,0,train
382976327,0,train
379908016,0,train
335703623,0,train
382989917,1,train
362139378,0,train
27578561,0,train
376200440,1,train
330675831,0,train
316318209,0,train
340884251,0,train
386021135,1,train
191418207,0,train
125058238,0,train
225315445,0,train
184062392,0,train
48724729,0,train
382966986,0,train
76393233,0,train
386085453,1,train
386085557,1,train
180937098,0,train
386067632,0,train
382996877,0,train
383061849,0,train
358848215,0,train
385981816,1,train
382993410,0,train
221454283,1,train
376250675,0,train
376199611,0,train
327855672,0,train
233524225,0,train
55877528,0,train
382907079,0,train
376206532,0,train
131661521,0,train
376241003,0,train
376252254,0,train
355009201,0,train
355166251,0,train
355100385,0,train
355124164,0,train
355007365,1,train
355094137,0,train
355156436,0,train
355371184,0,train
322941735,0,train
355995314,1,train
355204382,0,train
355006917,0,train
355095303,0,train
355110064,1,train
355101216,0,train
355124179,0,train
355110314,0,train
355149231,0,train
212771525,0,train
344589840,0,train
295879136,0,train
213287984,0,train
355008923,0,train
355102388,0,train
221685796,0,train
60811145,0,train
226277188,0,train
355009638,1,train
198981058,1,train
215598236,0,train
355009183,1,train
185725699,1,train
355181006,0,train
160462268,0,train
138199818,0,train
355102166,1,train
355003671,0,train
355371534,0,train
355003646,1,train
355127749,1,train
355230735,0,train
355369854,0,train
355215771,0,train
355009708,1,train
191598956,0,train
17280710,1,train
355099223,0,train
355196229,0,train
355986528,0,train
249281344,1,train
355090375,1,train
355102492,1,train
355509830,0,train
355095361,0,train
355371572,0,train
355157620,0,train
355156382,0,train
355124778,0,train
355095121,0,train
355124647,0,train
84882098,0,train
355009171,0,train
355007672,1,train
355111434,0,train
355111429,0,train
355219736,0,train
182873346,0,train
355135853,0,train
355135845,0,train
355153695,0,train
355371446,0,train
355216021,0,train
355011078,0,train
355135833,0,train
355090394,1,train
326826195,0,train
189125442,0,train
355009237,1,train
255663440,0,train
68891403,1,train
355004187,0,train
355209778,0,train
126793952,0,train
274527125,1,train
355940890,0,train
355998230,1,train
58506737,1,train
355230521,0,train
355111426,0,train
198982902,0,train
355215758,0,train
355153420,0,train
355009553,0,train
164919436,0,train
193696046,0,train
355371845,0,train
355181783,0,train
58508576,1,train
355236654,0,train
355098550,0,train
339207130,0,train
189809580,0,train
216011499,0,train
355998257,1,train
155316665,0,train
355099310,0,train
355007070,1,train
355099091,0,train
355098236,1,train
355183294,1,train
355088949,0,train
355136222,0,train
355110071,1,train
204458854,0,train
355128320,1,train
236952523,0,train
92039438,0,train
180661381,0,train
355109326,0,train
355007601,0,train
355196434,0,train
355213280,1,train
355230740,0,train
274526557,1,train
355369127,0,train
355368456,0,train
355094047,0,train
355008601,1,train
355101082,0,train
5684082,0,train
92512173,0,train
3300754,0,train
96355328,0,train
96342162,0,train
103761902,0,train
95614382,0,train
96349408,0,train
4846284,0,train
95065678,0,train
200476199,0,train
92508031,1,train
93224067,0,train
126802629,0,train
92713387,0,train
96338358,0,train
95574856,0,train
95074684,0,train
120093279,0,train
92489631,0,train
125482570,0,train
93193372,0,train
92734849,0,train
92095026,0,train
93533109,0,train
92107128,0,train
92735496,0,train
114483976,0,train
92109031,0,train
248626595,0,train
350222073,0,train
94385654,0,train
95569209,0,train
92515819,0,train
92490736,0,train
95556844,0,train
323311804,0,train
98890470,0,train
97495493,0,train
95569422,0,train
96733341,0,train
115971279,0,train
102483169,0,train
94377345,0,train
350228490,0,train
94893633,0,train
104063954,0,train
226728629,0,train
288602219,0,train
288493838,0,train
288688098,0,train
288419486,0,train
180737911,0,train
275566093,0,train
288399539,0,train
288279481,0,train
288407443,0,train
288447061,0,train
225811561,0,train
288078290,0,train
288450943,0,train
288404591,0,train
288692189,0,train
247774814,0,train
288275439,0,train
288365473,0,train
288147504,0,train
104321475,0,train
61813159,0,train
288416080,0,train
249810097,0,train
288730455,0,train
288551634,0,train
288333293,0,train
41396639,0,train
288590540,0,train
288082427,0,train
276786544,0,train
198643767,0,train
175874431,0,train
288589206,0,train
288279520,0,train
203032206,0,train
289018346,0,train
233364958,0,train
204448403,0,train
288543740,0,train
288076576,0,train
204340841,0,train
197467212,0,train
9366436,0,train
288396264,0,train
288404311,0,train
288080601,0,train
288333745,0,train
288408676,0,train
84869137,0,train
288416761,0,train
288091183,0,train
288405853,0,train
250602333,0,train
274185381,0,train
288288883,0,train
55939055,0,train
70433726,0,train
100791505,0,train
56287995,0,train
70432280,0,train
69290304,0,train
67582896,0,train
67633247,0,train
54809575,0,train
54857201,0,train
58975531,0,train
55214893,0,train
54768399,0,train
67642950,0,train
67629557,0,train
69350544,0,train
67672895,1,train
54717534,0,train
54915900,0,train
69599040,0,train
55903635,0,train
54808439,0,train
67670415,0,train
69766440,0,train
68960278,0,train
68954996,1,train
69762370,0,train
67604409,0,train
54723872,0,train
68960292,0,train
69766783,0,train
69761585,0,train
54790859,0,train
67686377,1,train
67612507,0,train
2234847,0,train
54768598,0,train
56234683,0,train
54769382,0,train
70046262,0,train
55121160,0,train
65255986,0,train
69613711,0,train
65496695,0,train
67611417,0,train
69760684,0,train
67636472,0,train
70454028,0,train
70422098,0,train
69282548,0,train
69350154,0,train
54771152,1,train
54767813,0,train
67557171,0,train
54854333,0,train
67597999,0,train
64166774,0,train
67562983,0,train
54708965,0,train
68936051,0,train
54715156,0,train
70063174,0,train
69762969,0,train
70412109,0,train
54712545,0,train
67611432,0,train
39700148,0,train
55928256,0,train
15984364,0,train
68986962,0,train
67628074,0,train
69766935,0,train
70402309,0,train
55797479,0,train
54733759,0,train
54733777,0,train
56301128,0,train
62240911,0,train
70382513,0,train
69695707,1,train
56395468,0,train
69971244,0,train
67600922,1,train
69766801,0,train
54804748,0,train
67548722,0,train
67631244,0,train
70454916,0,train
70455189,0,train
67556907,0,train
67604406,0,train
54848711,0,train
54836178,0,train
54838144,0,train
69766666,0,train
53880956,0,train
54855612,0,train
62181130,0,train
100918469,0,train
56693174,0,train
54704852,0,train
14585134,0,train
28883075,0,train
54869389,0,train
56114940,0,train
68988443,1,train
54912141,1,train
69350706,0,train
67628442,0,train
69770247,1,train
70454023,0,train
69763679,0,train
70451888,0,train
67672890,0,train
64523668,0,train
67629185,0,train
55732951,0,train
62601403,0,train
69765118,0,train
54805580,0,train
69974712,0,train
64868201,0,train
68957072,1,train
54749029,0,train
69605547,0,train
54832573,0,train
56707264,0,train
70370656,1,train
55734286,0,train
54751144,0,train
68984782,0,train
56032497,0,train
54811283,0,train
56337133,0,train
56333891,0,train
69351361,1,train
67583000,0,train
54735821,0,train
70328739,1,train
69350929,0,train
67656079,1,train
70457288,0,train
69760688,0,train
67646035,0,train
69315004,0,train
67654371,0,train
69395266,0,train
54768933,0,train
54733451,0,train
67654470,0,train
55678053,0,train
54832126,0,train
69282266,0,train
198827545,0,train
199989335,0,train
200984871,0,train
199955006,0,train
201000368,0,train
35621005,0,train
200629170,0,train
120179148,0,train
66158250,0,train
201054667,0,train
52597830,0,train
81948747,0,train
200701406,0,train
71804992,0,train
200635935,0,train
200636970,0,train
120019034,1,train
207037694,0,train
216354897,0,train
200032993,0,train
199942855,0,train
146303161,0,train
49358314,0,train
84288626,0,train
96453477,0,train
16713136,0,train
216807497,0,train
201003678,0,train
198814103,0,train
11750730,0,train
201003765,0,train
200022074,0,train
200601473,0,train
199312098,0,train
199362648,0,train
132499699,0,train
200508991,0,train
200517143,0,train
219600551,0,train
198749721,0,train
200627453,0,train
98089343,0,train
59724632,0,train
216523765,0,train
10773258,0,train
44562982,1,train
200650649,0,train
201007941,0,train
99728985,0,train
71363407,0,train
200977588,0,train
200593594,0,train
216526565,0,train
200621661,0,train
199408076,0,train
216559783,0,train
184121536,0,train
59374847,0,train
11320206,0,train
200960522,0,train
200544004,0,train
10333291,0,train
201432023,0,train
52084569,0,train
200970830,0,train
199938565,0,train
14476823,0,train
15026863,0,train
200625438,0,train
122148516,0,train
201749887,0,train
27862024,0,train
200631491,0,train
34242428,0,train
200975823,0,train
76605068,0,train
18056041,0,train
199944363,0,train
201456554,0,train
26561062,0,train
207961196,0,train
200608590,0,train
200617038,0,train
72537227,0,train
201494647,0,train
108158984,0,train
51049869,0,train
198792214,0,train
199321359,0,train
217661179,0,train
199404537,0,train
200544793,0,train
200470103,0,train
11735899,0,train
85605136,0,train
202932695,0,train
201433819,0,train
5923264,0,train
77165567,0,train
46403128,0,train
200625825,0,train
200048398,0,train
60513732,0,train
216518429,0,train
130927055,0,train
198801841,0,train
198791666,0,train
198812380,0,train
20258334,0,train
16132110,0,train
212500432,0,train
163406178,0,train
198787819,0,train
200637988,0,train
70047034,0,train
117914128,0,train
121978551,0,train
67999086,0,train
200699911,0,train
199967131,0,train
200634801,0,train
213127175,0,train
198801313,0,train
200964878,0,train
200970594,0,train
116903169,0,train
73747118,0,train
200748602,0,train
6544887,0,train
71359771,0,train
200622136,0,train
217678280,0,train
43845271,0,train
200963589,0,train
4599651,0,train
216563621,0,train
67457597,0,train
50980775,0,train
200499666,0,train
200446402,0,train
72567022,0,train
200052857,0,train
200636740,0,train
97150081,1,train
73862228,0,train
184107503,0,train
200051516,0,train
201002586,0,train
46201285,0,train
94828134,0,train
13439827,0,train
47253767,0,train
199944366,0,train
199935124,0,train
125410588,0,train
201449662,0,train
199321574,0,train
216521291,0,train
200638629,0,train
82172275,0,train
200621676,0,train
200668488,0,train
122060720,0,train
6727794,0,train
200963581,0,train
31413233,0,train
30082772,0,train
29708059,0,train
38396555,0,train
29197703,0,train
8894834,0,train
38881714,0,train
30126876,0,train
30002389,0,train
30840634,0,train
29541260,0,train
29236627,0,train
29158822,0,train
39686681,0,train
29263104,0,train
29239643,0,train
19862275,0,train
30712080,0,train
10035715,0,train
29200754,0,train
30115034,0,train
29532367,0,train
29240276,0,train
29148599,0,train
29238214,0,train
19129652,0,train
29147342,0,train
29509489,0,train
28879339,1,train
29568489,0,train
30172105,0,train
29991566,0,train
30166731,0,train
30166084,0,train
29531000,0,train
28991126,0,train
30002397,0,train
39693929,0,train
28953279,1,train
29132578,0,train
30085664,0,train
29200761,0,train
30166109,0,train
29153607,0,train
39645446,0,train
38882277,0,train
39724214,1,train
29210136,0,train
1061971,0,train
114715759,0,train
115901833,0,train
115186990,0,train
114497427,0,train
115286481,0,train
116189189,1,train
115108127,0,train
115193078,0,train
114653338,0,train
32075968,0,train
13227997,0,train
114657864,0,train
116128557,0,train
115709635,0,train
1119474,0,train
115911726,0,train
21677972,1,train
114665016,1,train
115148343,0,train
28669491,0,train
115711296,0,train
115529485,0,train
66750274,0,train
60980911,0,train
114497436,0,train
114642158,0,train
115080200,0,train
88451222,0,train
115711514,0,train
12829709,1,train
115723008,1,train
116110341,0,train
116874855,0,train
114497358,0,train
114602932,0,train
116129496,0,train
114497399,0,train
116055665,1,train
115209664,0,train
116119540,0,train
115228596,0,train
88822941,0,train
12830021,1,train
115193767,0,train
115193770,0,train
116064774,1,train
115279602,0,train
332928,0,train
116129229,0,train
116203361,0,train
114641985,0,train
115044377,0,train
114598077,0,train
55275135,0,train
114638671,0,train
114604546,0,train
115533535,0,train
115221333,0,train
116129238,0,train
115043988,0,train
116747257,0,train
114715291,0,train
98887628,0,train
116129487,0,train
17887663,0,train
44570397,0,train
115193071,0,train
115043748,0,train
115121140,0,train
12830061,1,train
115500189,0,train
88303648,0,train
114604557,0,train
116183359,0,train
113054794,0,train
114638316,0,train
60277582,0,train
114714743,0,train
115097174,0,train
115709632,0,train
12830385,1,train
116631597,1,train
11866994,0,train
60710228,0,train
116914752,0,train
116914127,1,train
148549351,0,train
9829411,0,train
149569098,0,train
148843954,0,train
162438330,0,train
38107881,0,train
148820482,0,train
149159040,0,train
149571669,0,train
91400373,0,train
148860424,0,train
148857937,0,train
113649806,0,train
13623410,0,train
104097172,0,train
149709793,0,train
151200952,0,train
137906514,0,train
92198600,0,train
148537619,0,train
94931566,0,train
12284459,0,train
161414170,1,train
150020258,0,train
148863771,0,train
151190965,1,train
149628196,0,train
162434599,0,train
148609616,0,train
123244307,0,train
148536082,0,train
143317555,0,train
141251903,0,train
149567836,0,train
138422168,0,train
148827476,0,train
75404761,0,train
149144930,0,train
108961020,0,train
149184527,0,train
148546162,0,train
152162148,0,train
148852292,0,train
148786686,0,train
149144099,0,train
148837139,0,train
114364497,0,train
148566614,0,train
30700348,0,train
55607420,0,train
72777111,0,train
148608917,0,train
149798110,0,train
148827018,0,train
120319794,0,train
148789748,0,train
126015984,0,train
149707545,0,train
149185296,0,train
148851806,0,train
150434526,0,train
148546520,0,train
148847791,0,train
119043284,0,train
149554286,0,train
72361976,0,train
12102720,0,train
87771179,0,train
149705621,0,train
149705064,0,train
161397347,1,train
149691707,0,train
148842318,0,train
149570741,0,train
148841441,0,train
148533415,0,train
148533307,0,train
148840593,0,train
149567839,0,train
149798246,0,train
30799508,0,train
149161642,1,train
148864802,0,train
149567352,0,train
149596415,0,train
148844984,0,train
148845451,0,train
149167747,0,train
149798422,0,train
149774409,0,train
148827030,0,train
149753117,0,train
149154841,0,train
148881439,1,train
148674765,0,train
148674769,0,train
149753132,0,train
149627692,0,train
17345754,0,train
148651749,0,train
3905058,0,train
149605448,0,train
149570245,0,train
10619588,0,train
148841677,0,train
151193805,0,train
13906899,1,train
59090978,0,train
148696813,0,train
151200949,0,train
149138176,1,train
129946705,0,train
86331399,0,train
149762982,1,train
148568426,0,train
98059174,0,train
46325611,0,train
97730088,0,train
96621541,0,train
99018629,0,train
97760414,0,train
97013839,0,train
97933782,0,train
99709782,0,train
98610045,0,train
97731146,1,train
17290276,0,train
96264624,0,train
172562,0,train
88642839,0,train
85777812,0,train
9534486,0,train
98070881,0,train
97027625,0,train
97027622,0,train
97833121,0,train
96255506,0,train
96983187,0,train
96706402,0,train
97724668,0,train
3814914,0,train
97732977,0,train
46329514,0,train
96653243,0,train
96589021,0,train
17932049,0,train
98073174,0,train
97930880,0,train
98252967,0,train
49505954,0,train
99702469,0,train
9015011,0,train
97724772,0,train
96928354,0,train
96929850,1,train
7951563,0,train
97150814,0,train
97081546,0,train
100678028,0,train
99738580,0,train
98044863,0,train
96570116,0,train
97732737,0,train
67196725,0,train
96256789,0,train
97018904,0,train
96566387,0,train
96584848,0,train
96959547,0,train
34751094,0,train
81352829,0,train
96255480,0,train
97907385,0,train
97004104,0,train
97430019,0,train
96259706,0,train
6975200,0,train
15689800,0,train
96967821,0,train
97718359,0,train
96295586,0,train
66411922,0,train
96924242,1,train
97764394,0,train
96297994,0,train
97405719,0,train
100135607,1,train
40709181,0,train
97023790,0,train
97388607,0,train
97393315,0,train
97114782,0,train
96570124,0,train
96950560,0,train
78065983,1,train
87185274,0,train
97678626,0,train
1347516,0,train
97708835,0,train
96642764,0,train
97820647,1,train
98551628,0,train
96580987,0,train
87265797,0,train
7658107,0,train
96584837,0,train
96931071,0,train
97833534,0,train
81401933,0,train
97424359,0,train
97103630,0,train
96583653,0,train
96950545,0,train
97732260,0,train
96932674,0,train
87031793,0,train
96985766,0,train
96258738,0,train
1342246,0,train
53406347,0,train
97828838,0,train
87189041,0,train
80587765,0,train
19801917,0,train
96931897,0,train
96584303,0,train
96571185,0,train
97760589,0,train
97089162,0,train
98112106,0,train
96952919,0,train
98588512,0,train
62458720,0,train
97727554,0,train
96617062,0,train
97393096,0,train
96567151,0,train
96566391,0,train
96950550,0,train
96976090,0,train
97004064,0,train
96256375,0,train
81025289,0,train
96565582,0,train
96681131,0,train
96925114,1,train
97123266,0,train
96943473,0,train
46328058,0,train
12781680,0,train
13419522,0,train
12807027,0,train
13226207,0,train
12780176,0,train
12798723,0,train
13266725,0,train
13431195,0,train
12794507,0,train
13370027,0,train
12792292,0,train
12665008,0,train
12678093,0,train
12678089,0,train
13031319,0,train
12806708,0,train
12806147,0,train
13627324,0,train
12661656,1,train
13411566,0,train
13356981,0,train
12705634,0,train
13029248,0,train
12811802,0,train
9426022,0,train
13908024,0,train
12777720,1,train
12685855,0,train
5663491,0,train
12780133,0,train
12684008,0,train
13413553,0,train
13426677,0,train
13627279,0,train
12785621,0,train
12678438,0,train
12786950,0,train
13413534,0,train
12667003,0,train
12663785,0,train
12804355,0,train
12678083,0,train
12798747,0,train
13024915,0,train
12705568,0,train
13420206,0,train
12683134,0,train
12684127,0,train
13582316,0,train
12655979,0,train
12982085,0,train
13251558,0,train
13251835,0,train
12668877,0,train
12785603,0,train
12689991,0,train
13268562,0,train
13279896,0,train
12787949,0,train
12808647,0,train
38473129,0,train
12799167,0,train
12664370,1,train
13426232,0,train
13365201,0,train
12683574,0,train
12677058,0,train
13279830,0,train
12998526,0,train
12780647,0,train
12703967,1,train
12683575,0,train
12976982,0,train
12667014,0,train
13253160,0,train
13402149,0,train
12780702,0,train
12781679,0,train
12688733,0,train
13410863,0,train
7007638,0,train
13413630,0,train
12781783,0,train
38374963,1,train
38473149,0,train
13402068,0,train
13402073,0,train
12801567,0,train
13366609,0,train
12685812,0,train
13186666,0,train
12821134,0,train
12676236,0,train
13384789,0,train
13396508,0,train
12823981,0,train
13410866,0,train
13425193,0,train
13413513,0,train
13413518,0,train
12787874,0,train
12793271,0,train
12678651,0,train
39010623,0,train
12779384,1,train
13367066,0,train
13418978,0,train
12684816,0,train
12664435,0,train
13402051,0,train
12526269,0,train
12663782,1,train
13252256,0,train
13373801,0,train
12806175,0,train
12662937,1,train
13216778,0,train
12677477,0,train
12663564,1,train
38370042,1,train
12806663,0,train
13266655,0,train
13901314,0,train
12665109,0,train
13223140,0,train
12778524,1,train
12781712,0,train
12711626,0,train
72306537,0,train
73028219,0,train
73333415,0,train
73252976,0,train
73026031,0,train
72313164,0,train
73394099,0,train
73243473,0,train
74322033,0,train
22583076,0,train
73255316,0,train
73021459,0,train
71238929,0,train
70400566,0,train
32025116,0,train
73390514,0,train
73115165,0,train
73425825,0,train
10942226,0,train
73319912,1,train
73376536,0,train
70795227,0,train
73270517,0,train
73219267,0,train
73218947,1,train
73155254,1,train
62852492,0,train
73231469,0,train
72295214,1,train
41342269,0,train
73490218,0,train
72664211,0,train
72729837,0,train
5427127,0,train
73219228,1,train
72014986,0,train
71469233,0,train
71455569,0,train
73242240,0,train
72369621,0,train
71990615,1,train
73257202,0,train
99952350,0,train
72343824,0,train
71457236,0,train
73891549,0,train
73361115,0,train
72713030,0,train
70804747,0,train
73019135,0,train
72759066,0,train
73884486,0,train
73114036,0,train
72292587,1,train
70817010,0,train
72314623,0,train
72323161,0,train
72339826,0,train
71990813,1,train
67879137,0,train
72013409,0,train
72310963,0,train
40151889,0,train
71453835,0,train
72739775,0,train
73220428,1,train
73325497,0,train
73022550,0,train
73077092,0,train
73248377,0,train
72341732,0,train
73263003,0,train
72292001,0,train
8993505,0,train
73230783,0,train
72019319,0,train
71770132,1,train
71988781,1,train
73249700,0,train
73444976,0,train
70804141,0,train
72376666,0,train
73219655,0,train
43998636,0,train
72651643,0,train
72756285,0,train
73388897,0,train
73221193,1,train
73266501,0,train
26551908,0,train
73249501,0,train
71451822,1,train
73381219,0,train
7917625,0,train
73019493,0,train
73026189,0,train
73255755,0,train
39457631,0,train
72344271,0,train
72651673,0,train
73299404,0,train
71450904,1,train
83886798,0,train
73138429,0,train
72027726,0,train
73247127,0,train
71465949,0,train
77619123,0,train
72366373,0,train
73429588,0,train
72370495,0,train
71990171,1,train
72376896,1,train
43160006,0,train
73025997,0,train
73259492,0,train
73029817,0,train
71474778,0,train
99103157,0,train
72361914,0,train
73015021,0,train
72344729,0,train
73109960,0,train
70782670,0,train
71484551,0,train
73266854,0,train
73029338,0,train
73014934,0,train
73019502,0,train
72294265,1,train
73325011,0,train
73439105,0,train
73428439,0,train
73449630,0,train
73304355,0,train
71770457,0,train
73219430,1,train
71748300,1,train
71450921,1,train
71450731,1,train
62465661,0,train
72023648,0,train
73093813,0,train
73261866,0,train
71242667,0,train
73127320,0,train
72734954,0,train
73248066,0,train
72745149,0,train
55872688,0,train
73230989,0,train
92405454,0,train
73433657,0,train
73025596,0,train
72319808,0,train
72014021,0,train
45031995,0,train
73359560,0,train
70809047,0,train
7586795,0,train
72679225,0,train
73021066,0,train
85230605,0,train
73324460,0,train
73248004,0,train
72027347,0,train
73245940,0,train
72337228,0,train
73247524,0,train
73018737,0,train
73956280,0,train
73132953,0,train
73150583,0,train
70262116,0,train
73242221,0,train
73010759,1,train
73224146,0,train
81362014,0,train
72345006,0,train
72294986,0,train
73231161,0,train
73138856,0,train
73267500,0,train
71822809,0,train
70788119,0,train
73247461,0,train
71987983,1,train
71460678,0,train
22021840,1,train
72678124,0,train
73247338,0,train
73030622,0,train
73428077,0,train
71472472,0,train
70806946,0,train
96935756,0,train
73390415,0,train
65496453,0,train
52056969,0,train
76551638,0,train
72297314,1,train
72016412,0,train
73231484,0,train
39377905,0,train
72370201,0,train
77709553,0,train
3783494,0,train
66789172,0,train
73265902,0,train
99950830,0,train
72039808,0,train
99198428,0,train
72337013,0,train
72301311,0,train
99009927,0,train
73081948,0,train
73264268,0,train
73250751,0,train
73269416,0,train
73262069,0,train
94574810,0,train
91934616,0,train
91961288,0,train
94302788,0,train
94302240,0,train
91882349,0,train
94286057,0,train
94333591,0,train
94282907,0,train
94662651,0,train
94593394,0,train
5003060,0,train
94592663,0,train
11387794,0,train
94303115,0,train
94192833,0,train
94290267,0,train
94076804,0,train
94107580,0,train
94296853,0,train
57741388,0,train
94122209,0,train
94302401,0,train
98654682,0,train
94590915,0,train
98663193,0,train
94301800,0,train
93937912,0,train
94907230,0,train
94275195,0,train
94253273,0,train
94282887,0,train
94117439,0,train
94104933,0,train
94269750,0,train
94106442,0,train
95531166,0,train
41211720,0,train
30589352,0,train
94367111,0,train
98652756,0,train
93917254,0,train
94079187,0,train
94971592,0,train
94284156,0,train
94990802,0,train
94302243,0,train
94075201,0,train
99261277,0,train
98651778,0,train
94911603,0,train
98656773,0,train
98649295,0,train
77024744,0,train
94288272,0,train
94072380,0,train
94819538,0,train
94296492,0,train
94105003,0,train
98655869,0,train
94076854,0,train
94555238,0,train
94122035,0,train
94116721,0,train
94282207,0,train
98654348,0,train
94296584,0,train
94107013,0,train
98650151,0,train
98649981,0,train
98649036,0,train
98657151,0,train
94360388,0,train
94339989,0,train
93869651,0,train
94300954,0,train
98649357,0,train
1605113,0,train
94590655,0,train
26714642,0,train
94322870,0,train
94072840,0,train
99262806,0,train
98648192,0,train
92196028,0,train
94302405,0,train
91975422,0,train
94302233,0,train
94322882,0,train
94636673,0,train
94318731,0,train
94118537,0,train
94369759,0,train
48996911,0,train
39429114,0,train
90239546,0,train
94122218,0,train
94341503,1,train
94071143,0,train
98659506,0,train
91959893,0,train
98653312,0,train
94147086,0,train
94068517,0,train
94245078,0,train
94077746,0,train
98663961,0,train
94069432,0,train
94284748,0,train
94245170,0,train
98661481,0,train
94270858,0,train
94245175,0,train
98660198,0,train
91961263,0,train
94940926,0,train
94302383,0,train
94117141,0,train
94076394,0,train
47792658,0,train
94384396,0,train
91934748,0,train
94115916,0,train
94122204,0,train
98649732,0,train
94129193,0,train
91881919,0,train
94316199,0,train
94296577,0,train
91863197,0,train
94297712,0,train
94075210,0,train
94273108,0,train
92057479,0,train
94075446,0,train
94254496,0,train
94253794,0,train
6146862,0,train
94576816,0,train
94261699,0,train
94336306,1,train
93968491,0,train
92077422,0,train
95001263,0,train
94118602,0,train
94079899,0,train
94070432,0,train
11624795,0,train
94300960,0,train
96024656,0,train
94655625,0,train
94292248,0,train
94079221,0,train
105979574,0,train
106001186,1,train
106302011,0,train
106316732,0,train
105853145,0,train
105425580,0,train
105597656,0,train
106312809,0,train
105426732,0,train
106343046,0,train
105770732,0,train
106446315,0,train
106785169,0,train
106344760,0,train
107624551,0,train
105994274,0,train
21852040,0,train
106359119,0,train
106330478,0,train
105785561,0,train
106311163,0,train
105858174,0,train
105826991,0,train
105976690,0,train
105857355,0,train
106386378,0,train
106722979,0,train
106388793,0,train
106411222,0,train
105859019,0,train
106856753,0,train
106314065,0,train
105596799,0,train
261381528,0,train
105596140,0,train
105776158,0,train
106391967,0,train
23592023,0,train
105778673,0,train
105858988,0,train
105853910,0,train
105859662,0,train
105785078,0,train
106311950,0,train
106309530,0,train
23477169,0,train
106360467,0,train
106021879,0,train
106446357,0,train
106311964,0,train
53353907,0,train
30836183,0,train
105422342,0,train
69492493,0,train
49177809,0,train
105975837,0,train
106009210,0,train
105781322,0,train
106832879,0,train
105848574,0,train
105422813,0,train
105590143,0,train
105858968,0,train
105594251,0,train
105591343,0,train
105848960,0,train
105590289,0,train
105427190,0,train
106841892,0,train
105592254,0,train
105848348,0,train
105592564,0,train
105974994,0,train
105849822,0,train
105996180,0,train
106735343,0,train
106816622,0,train
105588410,0,train
105597642,0,train
106364657,0,train
106735346,0,train
105779109,0,train
105843745,0,train
107210875,0,train
106318958,0,train
105594262,0,train
105593662,0,train
105822838,0,train
106413466,0,train
105857982,0,train
106314557,0,train
106309227,0,train
23229087,0,train
105590928,0,train
105857507,0,train
105857989,0,train
106856176,0,train
105858748,0,train
105858545,0,train
261465111,0,train
105859007,0,train
105776222,0,train
105849400,0,train
105985420,1,train
105592697,0,train
105592654,0,train
106720346,0,train
105974981,0,train
106803466,0,train
105591340,0,train
105592577,0,train
106815678,0,train
106315211,0,train
80610820,0,train
261625437,0,train
106372021,0,train
106302508,0,train
106841906,0,train
105975809,0,train
105594916,0,train
105426282,0,train
195998740,0,train
106846949,0,train
105594900,0,train
105428682,0,train
106313302,0,train
106353589,0,train
106814909,0,train
105592594,0,train
106301199,0,train
105444916,0,train
105785088,0,train
261465230,0,train
105594911,0,train
37548797,0,train
105426678,0,train
105429233,0,train
38342253,0,train
61031389,0,train
105788948,0,train
105984764,1,train
105787565,0,train
105850635,0,train
105588463,0,train
105784398,0,train
105845808,0,train
105859028,0,train
105857525,0,train
105423585,0,train
26424364,0,train
105847558,0,train
106003753,0,train
105847255,0,train
106330496,0,train
105845811,0,train
106857117,0,train
194762319,0,train
195971645,0,train
106390786,0,train
105987885,0,train
106732910,0,train
105787042,0,train
106841937,0,train
106832882,0,train
105419942,0,train
106388477,0,train
105788576,0,train
106841904,0,train
105787729,0,train
181988804,0,train
171980295,0,train
156328432,0,train
156066467,0,train
126611034,0,train
155759301,0,train
155816203,0,train
155822906,0,train
171533940,0,train
52631434,0,train
78828422,0,train
175057040,0,train
155733930,0,train
155722084,0,train
39877439,0,train
155720780,0,train
155601022,0,train
181979463,0,train
155655673,0,train
155825285,0,train
155816199,0,train
155651496,0,train
156045204,0,train
164879629,0,train
156006577,0,train
156227730,0,train
157252863,0,train
157296708,0,train
155694755,0,train
155671237,0,train
155783466,0,train
181988914,0,train
164253290,0,train
155793314,0,train
180297331,0,train
156219832,0,train
164695065,0,train
156187320,0,train
155535430,0,train
181178950,0,train
155815739,0,train
156164972,0,train
155655878,0,train
155756787,0,train
155821979,0,train
164849578,0,train
181995828,0,train
156341160,0,train
155829810,0,train
156209245,0,train
155812860,0,train
155733692,0,train
156103984,0,train
155583234,0,train
155587549,0,train
155585216,0,train
155671780,0,train
155587889,0,train
181203538,0,train
164877489,0,train
156206766,0,train
164756229,0,train
181982571,0,train
156141603,0,train
156120830,0,train
156056739,0,train
156305556,0,train
155551688,0,train
155720745,0,train
35776348,0,train
155810896,0,train
178061036,0,train
162896859,0,train
155846439,0,train
160105308,0,train
155697070,0,train
156068607,0,train
155787285,0,train
181983566,0,train
131552098,0,train
126623902,0,train
155811227,0,train
155666717,0,train
156047693,0,train
155582930,0,train
155716860,0,train
155538164,0,train
181972318,0,train
156200127,0,train
155562331,0,train
155578200,0,train
155694465,0,train
163178977,0,train
12299920,0,train
156315105,0,train
170455058,0,train
181978358,0,train
155589863,0,train
25820894,0,train
124653602,0,train
137055550,0,train
155787237,0,train
155738604,0,train
181994695,0,train
155581536,0,train
155583314,0,train
162258255,0,train
156208282,0,train
155655310,0,train
152612253,0,train
156065491,0,train
155813480,0,train
155803876,0,train
79102171,0,train
156058472,0,train
157301501,0,train
155737402,0,train
33596051,0,train
155838059,0,train
156143950,0,train
35776357,0,train
164709792,0,train
172173383,0,train
156218280,0,train
164899719,0,train
164858033,0,train
164758031,0,train
156144440,0,train
155720735,0,train
142553578,0,train
170455064,0,train
155821972,0,train
155663799,0,train
155659777,0,train
155676042,0,train
156017380,0,train
181985624,0,train
181320779,0,train
155794856,0,train
156062272,0,train
155720771,0,train
173302585,0,train
155550933,0,train
6629462,0,train
196088629,0,train
196091565,0,train
195441679,0,train
195436739,0,train
5944784,0,train
195441763,0,train
194342266,0,train
194347223,0,train
195440366,0,train
170773113,0,train
195428168,0,train
30526323,0,train
195438424,0,train
49940238,0,train
195545082,0,train
195426636,0,train
196257703,0,train
45956936,0,train
66438003,0,train
14972558,0,train
195439221,0,train
194343386,0,train
66432746,0,train
7218008,0,train
195452570,0,train
194376485,0,train
66520942,0,train
46950744,0,train
195429588,0,train
66427463,0,train
66421930,0,train
195777697,0,train
196105115,0,train
22203381,0,train
66429167,0,train
82296271,0,train
196257743,0,train
126819049,0,train
174906625,0,train
194341864,0,train
66423059,0,train
195437280,0,train
195419474,0,train
196089385,0,train
66421987,0,train
196255569,0,train
72869690,0,train
87172265,0,train
195440862,0,train
1314835,0,train
66422866,0,train
194343771,0,train
35628304,0,train
66419090,0,train
196091433,0,train
97280909,0,train
66418610,0,train
195440736,0,train
196105613,0,train
66425212,0,train
195426929,0,train
196107057,0,train
39220656,0,train
66420987,0,train
218073432,0,train
26047332,0,train
218314810,0,train
70311541,0,train
64495168,0,train
22314581,0,train
219713463,0,train
219850349,0,train
218121627,0,train
218086718,0,train
218047781,0,train
218658092,0,train
219414648,0,train
218145212,0,train
218125812,0,train
1854409,0,train
1787201,0,train
135805287,0,train
103136708,0,train
218080986,0,train
94227091,0,train
56323413,0,train
218275113,0,train
218314019,0,train
218477656,0,train
218075956,0,train
218266530,0,train
218039936,0,train
218285334,0,train
218292978,0,train
218058339,0,train
218128373,0,train
218307600,0,train
219541285,0,train
218073427,0,train
218687876,0,train
219394966,0,train
218062893,0,train
218121514,0,train
218266528,0,train
218032639,0,train
218051244,0,train
219403410,0,train
218028873,0,train
218011208,0,train
17294880,0,train
218283428,0,train
218135731,0,train
71382685,0,train
218068854,0,train
218040123,0,train
218016819,0,train
218039695,0,train
218117899,0,train
219425081,0,train
218306977,0,train
218445832,0,train
218053497,0,train
63254396,0,train
218263226,0,train
183288709,0,train
218156731,0,train
218089571,0,train
218573173,0,train
218556959,0,train
218045663,0,train
218306861,0,train
32054179,1,train
218306958,0,train
218298082,0,train
218066217,0,train
218570639,0,train
218039931,0,train
178991272,0,train
218286004,0,train
42348879,0,train
219383124,0,train
218051628,0,train
218031494,0,train
218468518,0,train
52178783,0,train
219918390,0,train
218310568,0,train
218135117,0,train
219764897,0,train
218099491,0,train
218274123,0,train
218021673,0,train
71606734,0,train
218023183,0,train
218015597,0,train
212756739,0,train
219422495,0,train
13646,0,train
11587238,1,train
2307242,0,train
549581,0,train
13036330,0,train
692149,0,train
26115433,0,train
2144054,1,train
9389913,0,train
4644934,0,train
3381500,0,train
39994,0,train
3257779,0,train
3380930,0,train
9448195,0,train
14141562,0,train
2218496,0,train
38731910,0,train
549558,0,train
13036357,0,train
155674575,1,train
3307178,0,train
3535985,1,train
9058320,0,train
4632949,0,train
3346671,0,train
10711115,0,train
1865993,0,train
3306258,0,train
61809700,0,train
9330487,0,train
3295790,0,train
19497952,1,train
155675917,0,train
34514900,0,train
2106136,0,train
9362117,0,train
3286491,0,train
3287759,0,train
11570254,1,train
3302092,0,train
4605584,0,train
3289053,0,train
2226591,0,train
3307215,0,train
9387922,0,train
4596055,0,train
3287421,0,train
4604109,0,train
11561989,1,train
9629830,0,train
11933160,0,train
41402314,0,train
157581697,0,train
158378337,1,train
157617747,0,train
158337784,0,train
158574309,0,train
194334301,0,train
163220740,0,train
158574304,0,train
158575163,0,train
194015927,0,train
149209137,0,train
158574917,0,train
171521584,0,train
159039040,1,train
158574521,0,train
158575003,0,train
194030265,0,train
157653323,0,train
188961759,0,train
194071359,0,train
158599828,0,train
158371767,1,train
157607789,0,train
158375408,1,train
157581542,0,train
158585890,0,train
158574498,0,train
157619070,0,train
158277527,0,train
157634654,0,train
157855979,0,train
158575145,0,train
158269462,0,train
186369913,0,train
184411659,0,train
158373282,1,train
164795847,0,train
158574901,0,train
186179334,0,train
189713241,0,train
158360779,1,train
158269469,0,train
158375402,1,train
