wallet,label
232029206,0
3881097,0
232470342,0
7089694,0
38062994,0
206222134,0
232468876,0
232457903,0
230452144,0
232047899,0
230473483,0
232054853,0
230444451,0
3876606,0
230345439,0
226889376,0
232440097,0
231179652,0
11343564,0
231253425,0
213736040,0
230621237,0
230523203,0
230434020,0
3912536,0
230877155,0
231573972,0
230555001,0
60492027,0
230556839,0
230528720,0
232900729,0
232346245,0
5119722,0
230451730,0
232454798,0
230579563,0
230438854,0
232892365,0
14847524,0
231179638,0
230946408,0
230468668,0
230468013,0
232034707,0
232345690,0
232686009,0
232447731,0
213736062,0
232919404,0
230945818,0
230393704,0
232439983,0
230405614,0
230968952,0
3880165,0
3898178,0
230580831,0
230456624,0
230436742,0
230439442,0
32976149,0
232001654,0
227338369,0
231994045,0
3913226,0
232458515,0
230520418,0
231995676,0
230473477,0
231993125,0
230531168,0
232444501,0
230331217,0
232339043,0
34984461,0
230465357,0
230468734,0
28359967,0
230464782,0
3897291,0
232349132,0
92491279,0
232037102,0
219821009,0
1494462,0
233229832,0
10983754,0
232348190,0
230418063,0
293323,0
230468406,0
230451676,0
230529053,0
231997273,0
232472206,0
230412050,0
3903393,0
232925804,0
232451376,0
227496946,0
24138725,0
232033953,0
95679861,0
230528695,0
3402165,0
71367715,0
3878742,0
231028826,0
232472197,0
16464132,0
230649107,0
232051527,0
4454658,0
219834363,0
230333626,0
230847053,0
82706446,0
230465736,0
227105852,0
232009733,0
230391409,0
230459282,0
3401466,0
232040293,0
230527735,0
3094131,0
230345455,0
13272601,0
3876512,0
3846528,0
230578501,0
230521268,0
40587631,0
230522946,0
230522941,0
76866560,0
192823764,0
84863672,0
230452750,0
206786861,0
118658775,0
194837559,0
231995677,0
37232600,0
232036647,0
195227601,0
151359615,0
2858652,0
183781611,0
13239483,0
175036641,0
3881497,0
231995681,0
205392811,0
232467026,0
230592118,0
232444504,0
3925879,0
54732610,0
232436042,0
51096093,0
21696461,0
232465073,0
2877834,0
232823196,0
230465203,0
230516456,0
230468428,0
3881034,0
232907277,0
219841229,0
232037403,0
62195631,1
3391152,0
3877875,0
212706577,0
230339498,0
230403084,0
232627257,0
230452759,0
230418880,0
230522102,0
230679204,0
3881183,0
230338694,0
219861308,0
231174733,0
4840269,0
226907304,0
52418452,0
230331963,0
225653584,0
13908862,0
230529019,0
230645826,0
230556841,0
232925742,0
232350655,0
231996115,0
232039861,0
3899847,0
230467965,0
35025113,0
3391129,0
230349591,0
3863635,0
230432810,0
3739261,0
90523481,0
230670913,0
3881087,0
36350939,0
231440875,0
230453454,0
232439369,0
3326534,0
231179875,0
232905682,0
231181199,0
230669446,0
230400499,0
13773398,0
3774809,0
151223578,0
229695175,0
232469446,0
232431883,0
232451413,0
3248381,0
230424162,0
230458605,0
232672940,0
231029351,0
232074729,0
232665894,0
230702954,0
230847032,0
18249608,0
4860508,0
230338346,0
232042947,0
3687692,0
54732027,0
232412791,0
230577424,0
30074536,0
231996126,0
310170153,0
268161710,0
310427035,0
314833118,0
309951601,0
309949285,0
115643001,1
310517063,0
313107639,0
310804993,0
309968255,0
310161967,0
313119227,0
313113567,0
309956894,0
310494218,0
313113561,0
11484501,0
310467916,0
310468663,0
310108595,0
309959432,0
310492335,0
111223376,0
260549093,0
310172848,0
311054609,0
310110708,0
310399847,1
310444315,0
313110014,0
309960441,0
310485982,0
310171949,0
310130850,0
310523440,0
313118587,0
310468655,0
310468163,0
312171166,0
310471936,0
310757556,0
310520089,0
141225153,0
313097557,0
270161774,0
310532392,0
310164763,0
279132188,0
310471414,0
291454886,0
286181822,0
310098060,0
311055807,0
247592938,0
310446842,0
314189094,0
310471882,0
309960768,0
310468207,0
310475715,0
310510646,0
310492699,0
309994523,0
310463620,0
196397264,0
310495680,0
312350139,0
13403438,0
260972033,0
309978153,0
314872278,0
310073947,0
310482692,0
310469120,0
310428703,0
310471612,0
310468664,0
312849962,0
309924066,1
312198437,0
312820665,0
309957585,0
312359540,0
312495074,0
310110709,0
310462965,0
310471919,0
310170641,0
312354618,0
310526433,0
310104865,0
312199963,0
312157372,0
312106094,1
310438835,0
311057778,0
310466993,0
310723810,0
310163475,0
312859992,0
313096465,0
310157130,0
312152262,0
272556463,0
314842463,0
312219996,0
310438868,0
310468684,0
312179828,0
27218698,0
314832742,0
310166976,0
312826285,0
260549121,0
310469134,0
310140273,0
309967863,0
310467908,0
313139898,0
286654752,1
310758931,0
314780111,0
247641192,0
310459032,0
312883962,0
309959438,0
310438845,0
312803836,0
314415289,0
310146561,0
286756215,1
310758560,0
313521604,0
246409645,0
245202289,0
246385582,0
246400402,0
244679357,0
245439829,0
246007739,0
211149189,0
245232373,0
244681152,0
245190237,0
245502826,0
245435106,0
245341775,0
244315021,0
246377888,0
24404821,0
246188221,0
245200594,0
245231977,0
102431851,0
245966836,0
245939847,0
246134245,0
245795489,0
245223868,0
244684628,0
245415105,0
246387332,0
245413913,0
246387308,0
181288518,0
245361533,0
245464295,0
245424187,0
246246457,0
244367236,0
246134689,0
245795496,0
245501388,0
244301586,0
246371229,0
245823971,0
245240477,0
244665067,0
244685948,0
246187913,0
74572332,0
244681551,0
245200623,0
238674408,0
250218567,0
244688655,0
74566860,0
246107751,0
244688578,0
232298403,0
112915489,0
246388169,0
245266671,0
246371240,0
244688143,0
245492227,0
244687666,0
245372757,0
245176364,0
244308475,0
246131003,0
244666009,0
240477091,0
245424155,0
246114866,0
244315302,0
245170632,0
245227132,0
245417415,0
246378457,0
245439837,0
245804017,0
245423749,0
245369492,0
244804328,0
245198208,0
245789143,0
246078917,0
244666014,0
245812809,0
245170291,0
246106614,0
244359624,0
244700728,0
245795520,0
229108361,0
244715118,0
245488612,0
245414818,0
202981684,0
244309926,0
245248598,0
245826024,0
246403435,0
245241002,0
245165595,0
245265356,0
246339604,0
246117789,0
245170658,0
245240480,0
245209233,0
245224458,0
244681563,0
245424375,0
245411353,0
245243928,0
245221723,0
246276243,0
246393285,0
245714322,0
245834446,0
245348908,0
180295128,0
97622684,0
245200625,0
246402552,0
245180209,0
245834867,0
246450416,0
245240424,0
246109342,0
244701916,0
57741717,0
246396146,0
245179769,0
244666826,0
244351349,0
246125974,0
245231973,1
86709538,0
26213002,0
61125649,0
22837965,0
279056313,0
279185185,0
52118476,0
22838027,0
22837929,0
279103012,0
87066052,0
22837818,0
22837907,0
58074217,0
22837808,0
279491323,0
86737022,0
86962611,0
58075730,0
86788735,0
10346912,0
22837815,0
22837956,0
87805794,0
86814685,0
279199578,0
86605291,0
86572204,0
22837973,0
87932295,0
279472690,0
279477635,0
88232255,0
87606216,0
127337013,0
5427053,0
86735808,0
93259603,1
22837908,0
22837927,0
86723918,0
87719174,0
87657771,0
26889623,0
279543901,0
17619833,0
22837779,0
32198446,0
58069587,0
22838023,0
22837986,0
279441574,0
22838016,0
88117529,0
87681589,0
77849670,0
15279998,0
87038459,0
279144817,0
86803132,0
35718761,0
75210039,0
22837925,0
45960831,0
57410868,0
73171316,0
200997671,0
22837853,0
87030978,0
86805581,0
87627060,0
4308330,0
12129984,0
22837820,0
87495282,0
87013063,0
87658533,0
86947395,0
86738447,0
18413413,0
87343912,0
87628292,0
86601933,0
87658538,0
86833638,0
87704658,0
86828399,0
14379472,0
87950768,0
26708537,0
86599059,0
16569581,0
86700589,0
86704946,1
10471946,0
22837945,0
86934179,0
71043538,0
86729148,0
87752144,0
86734567,0
86816516,0
26319468,0
86643218,0
88196358,0
13813844,0
98337514,0
35954679,0
279135817,0
92987394,0
86972687,0
22837896,0
87400128,0
86706819,1
44995911,1
86810829,0
87745960,0
29230183,0
86776068,0
135129155,0
38509215,0
86796566,0
86667870,0
58080138,0
78640503,0
87688465,0
86735500,0
86555578,0
87715993,0
86579334,0
59301350,0
178973659,0
88222224,0
88251139,0
22837982,0
279142911,0
8831627,0
22837816,0
88011338,0
279169319,0
279106392,0
88230617,0
88262426,0
169895685,0
28117675,0
223883435,0
224681295,0
225280231,0
23431274,0
224710137,0
225686718,0
224748263,0
225996795,0
223731199,0
225268074,0
224280369,0
97697809,0
225275767,0
224963951,0
225074114,0
224714041,0
224218041,0
226432208,0
223889737,0
224278901,0
225908215,0
95540887,0
223890411,0
223936073,0
224252867,0
223979365,0
224745590,0
224195596,0
224961260,0
224689161,0
224210242,0
224703708,0
224210981,0
178134696,0
224747345,0
34035328,0
224709062,0
224983348,0
223974850,0
225926279,0
225663348,0
225321659,0
225687026,0
183081223,0
150809108,0
225372894,0
224196229,0
224244357,0
93719421,0
224681039,0
224209464,0
225687048,0
77662815,0
224747033,0
225072192,0
224213365,0
224647679,0
225333852,0
223981541,0
225280203,0
225021636,0
97581568,0
225961684,0
225987657,0
224244303,0
224765204,0
225891874,0
36438817,0
223941085,0
224198210,0
225896577,0
224200255,0
224200474,0
225867261,0
224696455,0
224748697,0
224245598,0
178134705,0
223965481,0
224247891,0
224217528,0
225262365,0
224749324,0
130301428,0
225069871,0
225324618,0
185504556,0
226628871,0
137323997,0
225893787,0
32135772,0
224200744,0
223970118,0
224207589,0
223890341,0
225966205,0
224196217,0
224627310,0
224763984,0
224214355,0
225280861,0
13606249,0
140393664,0
225987234,0
196191138,0
224647769,0
224976574,0
225056245,0
224282216,0
225687592,0
224241205,0
223937880,0
146335503,0
224258476,0
23197275,0
224746934,0
224970779,0
224682902,0
140374658,0
155303227,0
223875266,0
224195568,0
223963451,0
181184527,0
224207594,0
225912998,0
225286037,0
148037003,0
225286032,0
224669997,0
178134700,0
225671235,0
225054962,0
167607701,0
225910825,0
225051105,0
224694540,0
97476808,0
224245600,0
224670613,0
105866229,0
225688961,0
225929155,0
225050388,0
225328459,0
225878409,0
224695312,0
225659906,0
223979108,0
225066023,0
101656057,0
224765128,0
225876169,0
224274073,0
224669833,0
224715283,0
224715854,0
130739670,0
140533595,0
225090665,0
225275772,0
224246077,0
223980681,0
223874242,0
101653699,0
225332927,0
140163156,0
120710612,0
225341793,0
223945336,0
225051427,0
167249991,0
224627558,0
223978956,0
225335000,0
213877994,0
224978791,0
148548413,0
163067274,0
223979119,0
27190466,0
224716017,0
225039445,0
156513871,0
223979842,0
184257644,0
224750195,0
129174757,0
225071102,0
225335973,0
223890352,0
224678420,0
225692533,0
225325702,0
224651651,0
225318829,0
223868101,0
224715276,0
5181004,0
224238942,0
157545507,0
225068977,0
224984313,0
225050088,0
177641201,0
223967509,0
156109684,0
226384519,0
225043640,0
224207961,0
223874908,0
224681970,0
162670543,0
207057059,0
223978944,0
1452053,0
151145257,0
224248377,0
97561009,0
224195254,0
225927781,0
225064273,0
225867271,0
121603995,0
118269962,0
9001433,0
121329376,0
121855206,0
8867912,0
9007986,0
88618910,0
9001347,0
121654915,0
8991353,0
121298655,0
121761441,0
121656626,0
126250018,0
8992662,0
8989427,0
121391281,0
121657592,0
8991878,0
9001385,0
9011822,0
121644241,0
24331408,0
121744736,0
8899631,0
121644236,0
71672529,0
121654830,0
122348003,0
121849915,0
8967429,0
8940075,0
118263502,0
121674842,0
121802214,0
8992191,0
121300541,0
8994151,0
94502848,0
98772327,0
94198267,0
94497134,0
94484632,0
94331687,0
94193996,0
94047184,0
94669716,0
94857147,0
94334440,0
94669112,0
94454217,0
94324993,1
98643773,0
94654488,0
96549984,0
94788612,0
94654352,0
94331377,0
94654164,1
94653819,0
94332527,0
94440429,0
94494955,0
98752256,0
94575619,0
94196138,0
40080931,0
94855379,0
96541462,0
94332532,0
94382854,0
94062498,0
98759673,0
94365957,0
94322503,0
98787678,0
94431409,0
94452935,0
94557198,0
94436725,0
94654153,1
94198054,0
94552052,0
94028241,0
98751928,0
94502858,0
94206002,0
94303948,0
98749005,0
96544891,0
98728644,1
94654120,1
96566620,0
94556093,0
94855278,0
94365618,0
94469137,0
96566026,0
94074328,0
98800464,0
94654128,1
94770991,0
94381433,0
94159664,0
94335919,0
94003168,1
94579943,0
98752917,0
94332593,0
94568940,0
94051990,1
94576482,0
94196810,0
94672013,0
94372683,1
94365447,0
94197678,0
94751161,0
98746816,0
94192805,0
94498398,0
94370929,1
94781864,0
98623027,1
93990115,0
94370918,1
94444095,0
94443923,0
93992198,0
94198273,0
98792652,0
94635957,0
94208736,0
94431200,0
94579230,0
94420111,0
94198269,0
94654166,1
94431948,0
94332321,0
94577944,0
94378443,0
93992193,0
94060320,0
94208740,0
98648838,0
94371209,0
94175879,0
96423601,0
94682526,1
94057651,0
96463835,0
94654130,1
98604431,0
94332322,0
96455014,0
98745699,0
94654257,1
98648836,0
94440025,0
94054558,0
94496438,0
94039968,0
94642680,0
94453562,0
94575730,0
94064109,0
94002267,0
94588284,0
94570619,0
94061107,0
191134943,0
191120347,0
190447281,0
191500907,0
62895286,0
190039104,0
62565943,0
190499916,0
191198260,0
191117765,0
190822038,0
191192940,0
191704543,0
190829768,0
191428856,0
136738104,0
190479769,0
190826173,0
191185484,0
190450470,0
126806129,0
190437437,0
5433567,0
190005963,1
191115060,0
191150344,0
189984406,1
191192918,0
191192795,0
190448354,0
190432998,1
36578884,0
191220667,0
190830357,0
190068318,0
42973205,0
126858847,0
191461279,0
191119218,0
191390817,0
191778040,0
191549749,0
190524542,0
189996490,0
190829014,0
146673,0
191121614,0
190967423,0
191392365,0
193059422,0
191193343,0
190084011,0
190452285,0
190828961,0
190851025,0
153483250,0
191107599,1
191705250,0
190057270,0
190450669,0
190450461,0
191574461,0
191391145,0
191193352,0
191163399,0
191640342,0
190423883,0
189987003,0
191199449,0
191703455,0
190829152,0
191394865,0
190832605,0
190452292,0
190838446,0
191193090,0
190830364,0
190872230,0
190829867,0
190079561,0
191683004,0
190451931,0
190114833,0
190086110,0
191108972,1
190014303,1
191108949,1
190822887,0
43395897,0
190822551,0
190108275,0
191679238,0
191392373,0
10738753,0
190832282,0
191555408,0
191197964,0
191391315,0
190830355,0
190459923,0
190896849,0
190460913,0
190044072,0
56664561,0
78602666,0
11177013,1
190450673,0
131734843,0
190450458,0
191409870,0
190436767,0
190057264,0
190484031,0
190451493,0
190832756,0
14337642,0
193057003,0
190057431,0
175810270,0
175127667,0
179084428,0
175117564,0
175078244,0
226668089,1
179044743,0
23172096,0
179111397,0
174765538,0
179039627,1
226668107,1
5298376,1
175042800,0
175405815,1
179069339,1
175407499,1
175763907,0
175472200,0
175466973,0
175754494,0
175465980,0
179039637,1
179071779,0
226668060,1
191673474,0
179036892,0
226668579,1
179002209,0
226668063,1
178920090,0
175468035,0
175079126,0
175399541,0
179062509,0
90801333,0
179037718,1
179096044,0
175101308,0
180036526,0
179059567,0
226667165,1
174789242,0
174787972,0
49025744,0
175086544,0
175136161,0
179039997,0
178867257,0
175525368,0
226667662,1
198221474,1
179039638,1
175795307,0
179147506,0
175574077,0
175546135,0
5298346,1
175484113,0
179069341,0
175470370,0
47784914,0
175472939,0
175756281,1
175064960,0
226668104,1
226651302,0
179059540,0
175078477,0
175488764,0
175410705,1
175471524,0
5298236,1
179028218,0
135722390,1
179100045,1
226668078,1
175406508,1
179094476,0
179036538,0
179100516,1
175463780,0
179138698,0
179063546,0
175169454,0
5298275,1
179145547,0
179105917,0
68706499,0
68466194,0
43130802,0
43397277,0
42674491,0
68607282,0
43134169,0
38263817,0
43352688,0
43465522,0
43928360,0
43035681,0
68380539,0
38255847,0
43134173,0
43151655,0
42758801,0
43038734,0
43459486,0
43122439,0
36892884,0
13089717,0
43378107,0
68451851,0
43473525,0
43018737,0
41472082,0
42733070,0
38176446,0
43493905,0
65576060,0
43001008,0
43494643,0
42626781,0
42662351,0
43151367,0
68444997,0
43493359,0
43468663,0
43477175,0
43494077,0
68780964,0
46842799,0
43347412,0
68810998,0
40694214,0
43079789,0
43348572,0
47254001,0
68463040,0
42630648,0
42625982,0
43039622,0
42656306,0
43151873,0
43650362,0
43455641,0
43474499,0
42675020,0
68464513,0
43323509,0
43134259,0
43464829,0
42671117,0
43000198,0
43354777,0
68451843,0
43032187,0
68592700,0
41417793,0
68784051,0
38654036,0
43123438,0
43378959,0
43315941,0
39074420,0
43468594,0
42960555,0
43148244,0
68803905,0
43476909,0
43352702,0
42624355,0
42674483,0
42626764,0
43151924,0
43344594,0
43322914,0
68614402,0
68532536,0
43143613,0
43001018,0
43480912,0
43493418,0
43445815,0
103696137,0
12379727,0
234865333,0
180735,0
236172150,0
234559574,1
234252357,0
7960124,0
234560399,0
234711170,1
234166249,1
113788568,1
1455113,0
2599245,0
56189770,0
48052548,0
28601468,1
234709741,0
760733,0
234785036,0
234612673,0
103696136,0
1809394,0
7225112,0
234706981,0
20662346,0
234163504,0
103264850,0
234381263,0
102250802,1
234566329,0
47079298,0
234654772,0
234836328,1
234706984,0
234163491,0
234152126,0
235823323,0
234711179,1
3278956,0
234728872,0
3583025,0
234161448,0
234170848,0
234707104,0
234579072,0
234181517,0
234592032,0
1583848,0
234557847,0
234835582,0
234559581,1
235423386,0
234582836,0
122854675,0
234842110,0
234565828,1
63094013,0
234849885,0
26469681,0
203221795,1
234707895,0
234872646,0
30092366,0
236114869,1
236139941,0
234711168,0
14385870,0
99875178,0
234687192,0
236165986,0
234901288,0
234560074,1
234235191,0
234686185,0
234180890,0
234672044,1
235419634,1
234681339,0
234890834,0
47580334,0
64099484,1
234890832,0
10386895,0
234698853,0
27819025,0
234671804,0
399844596,0
346107389,0
399669229,1
347334606,0
347592194,0
346371217,0
346415951,0
346107628,0
399669952,0
346380925,0
399672349,0
346415950,0
346118664,0
346155479,0
346107397,0
346084171,0
346363157,0
346109461,0
346103619,0
399671579,0
346163390,0
346396869,0
399668154,0
347334688,0
346096742,0
346096743,0
258744348,0
15821102,0
346406565,0
346122791,0
346175316,0
399842467,0
401209821,0
255198297,0
346418945,0
291011187,0
346118619,0
346099953,0
346389993,0
346376916,1
346161554,0
346391297,0
323071193,0
352710025,0
297315693,0
346379349,1
346396662,0
339089374,0
339058897,0
339096320,0
339095537,1
339475960,0
339054464,0
339101829,0
339156801,0
339153973,0
340075634,0
339157927,0
339057693,1
339110981,0
339057317,1
339058909,0
339093557,1
153770053,0
339153842,0
339075526,0
339089111,0
339057918,1
339095657,1
339083873,0
339089385,0
50769663,0
339093920,1
339057234,1
108074504,0
339383741,0
339159324,0
339054271,0
339093287,1
339964537,1
339459035,0
339057216,1
339057180,1
339095155,1
97472031,0
339058421,1
339061724,0
339153233,0
339057627,1
339057938,1
339057342,1
339057949,1
339271891,0
339057361,1
339058387,1
339094202,1
339732443,0
339096344,1
339153225,0
339499222,0
339096356,1
339089505,0
284128608,1
340072827,1
339057973,1
339064535,0
339093165,1
339153224,0
137242907,0
340072976,1
339495469,0
339081966,0
208356085,1
339061675,0
339553114,1
339057213,1
339057667,1
339456619,0
339058895,0
339057493,1
339095636,1
752973,0
339095176,1
339059187,0
339259970,0
339120987,0
339648610,0
339101940,1
339496327,0
15927794,0
15429692,0
15234332,0
20210169,0
15883790,0
16049565,0
15987686,0
15878270,0
15989048,0
15857751,1
15236318,1
15427910,0
18037121,0
15235228,0
15430754,0
15367366,0
39533091,0
15932048,0
15243252,0
16182250,0
15015569,0
15827453,0
15009284,0
15987405,0
15935251,0
15351650,0
39597250,0
16239353,0
15108126,0
15099151,0
19472391,0
15412769,0
14948853,0
15879403,0
15236333,1
16155707,1
16144422,0
16220781,0
21599005,1
15355249,0
14994481,0
21701149,1
15360333,0
15427790,0
238489526,0
241539045,0
238236336,0
43778773,0
238197481,0
238191642,0
241503292,0
244649977,0
241527362,0
244614613,0
244650343,0
238226904,0
7248054,0
243782720,0
244629532,1
241537935,0
241567640,0
241503808,1
241501677,0
240773677,0
238270786,0
238246147,0
238389356,0
238199991,0
241567089,0
244630758,1
238324188,0
238227062,0
244629513,1
245682786,0
241489566,0
240785418,1
238224776,0
238222607,0
243902489,0
244629190,1
244630836,1
241494081,0
242806162,0
238332934,0
238196194,0
245656393,1
244630232,1
241545190,0
238271615,0
245675715,0
114256482,0
242497484,0
241518934,0
238324166,0
238324207,0
244629967,1
245712136,0
243782650,0
238296237,0
241538640,0
243780211,1
240985031,0
244628490,1
244629530,1
245682810,0
239232197,0
243781008,1
243782732,0
239166125,0
244629560,1
238517144,0
243780205,1
243165321,0
241537638,1
244629224,1
243785812,0
241499839,0
238229270,0
241488818,1
378462653,0
378346583,0
255589464,1
378519912,0
378437543,0
378253189,0
378620610,0
378248636,1
378510456,0
378426758,0
10738910,0
378510612,0
273775670,0
331710617,0
95615377,0
340190501,0
378060065,1
378058507,1
378394830,0
378255874,0
378250957,1
329497416,0
378464162,0
378284114,0
378249009,1
378670397,0
378593364,1
378195329,0
378250397,1
378360879,0
317059569,0
378251094,1
378410644,0
378594836,1
378619924,0
331044888,0
243890275,0
378104968,0
378608349,0
378324030,0
378593247,1
259057488,1
378408908,1
378161953,0
378179836,0
378504431,0
378064478,0
285245430,0
378073332,0
378256428,1
378254930,0
378074731,0
378590214,0
378256208,0
378574698,0
378059010,1
82278553,0
378573358,0
378098329,0
378065549,0
231683620,0
378250108,1
303112157,0
378395282,0
242666606,0
37390149,0
378104937,0
390320402,0
390564469,0
390372365,0
390338909,0
390558673,0
390343151,0
390320288,0
390319962,0
390390388,0
327867530,0
390558968,0
390247304,0
390771404,0
57138711,0
390511690,0
390536748,0
390605832,0
279909029,0
239716426,0
390782748,0
399567251,0
390571440,1
390425812,0
390979806,0
390339940,0
390422334,0
390345995,0
390524506,0
352498802,0
390429860,0
93328591,0
238609889,0
390577552,1
247314557,0
390571413,1
390343145,0
390503173,1
390329994,0
390076579,0
390319974,0
391083953,0
390370669,0
390059983,0
390586960,0
390370650,0
390607112,0
284838505,0
390769721,0
390556866,0
390538362,0
317923670,0
390773298,0
248704586,0
390534410,0
390345976,0
390395627,0
390242326,0
299051748,0
337537054,0
390605890,0
390607117,0
390320395,0
390041751,0
390319970,0
286301063,0
390342484,0
390498209,1
203673405,0
390335413,0
391438372,0
390041746,0
390319989,0
390592819,0
390575987,1
390588541,0
390420259,1
305032407,0
390370792,0
390578726,1
248902335,0
248918924,0
248912344,0
248918587,0
248889596,0
248904990,0
248905794,0
248918490,0
249336369,0
248913785,0
248902370,0
249338763,1
248913895,0
248922781,0
248904210,0
248934633,0
248902657,0
248905686,0
248903644,0
248903647,0
248902093,0
248904306,0
248918611,0
249237390,0
248915061,0
248908042,0
248913535,0
248915723,1
248904223,1
248889946,0
249338773,1
248887585,0
249338695,1
248926907,0
248888356,1
248900732,1
363386237,0
140120412,0
363682080,0
363219241,0
362975704,0
363051638,0
362840857,0
363531091,0
182581177,0
363147216,0
29557010,0
363748917,0
363764429,0
363541005,0
293801273,0
363341883,0
363225461,0
363711601,0
8278020,0
363660984,1
362943680,0
363049987,0
363340383,0
362940530,0
363597804,0
363660760,1
363662380,1
363340525,0
363776121,0
363601411,0
363060936,0
363057028,0
363776560,0
363130581,0
363006866,0
363050561,0
221959531,0
363525444,1
363221616,0
363033202,0
363300478,1
224127702,0
362953281,0
362839796,0
363326855,0
363300945,1
363052507,0
363092971,0
363217664,0
363051158,0
362839593,0
363653584,0
363224675,0
363055096,0
363098093,0
363528251,1
362874842,0
156480546,0
221738126,0
362939092,0
363773002,1
362843374,0
309871393,0
363774346,1
363122055,0
363093664,0
363040811,0
207235899,0
363081301,1
279176622,0
363663463,0
362841068,0
362921938,0
363050870,0
362943546,0
363765015,0
331842339,0
363059014,0
363772997,0
363120989,0
208992025,0
210623843,0
210624714,1
209054310,0
210660376,0
209797492,0
209799194,0
208944877,0
209922528,1
118790722,0
209129597,0
209052413,0
94429635,0
208959966,0
211181064,0
209867496,0
55070629,0
104483720,0
210624713,1
209485137,0
209499458,0
209518732,0
210635499,1
95117503,0
115333920,1
211085325,1
209946505,1
209946514,1
83525156,0
138359626,0
209139836,0
211095800,0
210624701,1
209522313,1
208931358,0
209822487,1
208913476,0
209554638,0
209512730,0
209961366,0
51619871,0
209488132,0
209867206,0
209486818,1
209511361,0
208904961,0
210672250,0
209794828,0
210367157,1
208997267,0
209065945,0
53329746,1
209701749,1
209681263,1
209045696,0
209709674,1
209515844,0
209483930,1
209517738,0
209682852,1
209521989,1
209970507,0
209669583,0
210278727,0
209526176,1
209685477,0
209525247,1
210638488,1
209522533,1
209691967,0
106087814,0
209842041,0
209962612,0
209839780,0
209075128,0
209525915,1
209756766,0
209945629,1
38494021,0
209052396,0
209561676,0
210643424,1
210403108,1
209922227,1
107364854,1
209924804,0
209071105,0
209922223,1
210636785,0
210368107,0
114011110,0
100421437,0
4125827,0
99843177,0
99482975,0
99910402,1
99322056,0
98999374,0
100043944,0
99676511,0
99916135,0
100966048,0
99264099,0
109823899,1
27116228,0
100064492,0
113684263,0
113958967,0
100045534,1
106894458,1
99191146,1
99191482,0
99677418,0
102273556,0
98960964,1
100084740,0
99246909,0
115137877,0
100084963,0
99989741,0
99257359,0
113843396,0
99912157,0
37344313,0
99529115,0
100090486,0
105384389,0
99252090,0
100777723,0
99284955,0
99841117,0
99644730,0
99910225,0
99179427,1
102584101,1
101306000,0
311016788,0
306161988,0
94796531,0
372865089,0
372739469,0
372739859,0
316837467,1
372878431,0
372961870,1
372878649,0
372878280,0
306822977,0
372722636,0
317125424,0
372670689,0
314907443,0
317008182,0
372724761,0
372733639,0
372722864,0
317009252,0
372964969,0
372670818,1
198518541,0
372957756,0
315579980,0
372525832,0
373083316,0
308243860,0
320008709,0
372734990,0
321015642,0
312002700,0
315579721,0
372827398,0
312233617,0
372813705,0
318120555,0
368808748,0
372692369,0
372882093,0
311293725,0
372541774,0
326264466,0
373112207,0
372809666,0
321774716,0
372822946,0
317009254,0
312520235,0
315685734,0
310795321,0
372867400,1
372672188,0
372822867,0
373076333,0
372872725,0
340291419,0
314907442,0
310559249,0
310229131,0
317402213,0
315579993,0
368838129,0
372535874,0
372671152,1
372970791,0
372811666,0
372810471,0
372681801,0
372723780,0
372527520,0
312108602,0
373083311,0
321112780,0
372723979,0
368737697,0
311317979,0
310504966,0
310756841,0
372872481,0
372979921,0
251475360,0
372731556,0
162922029,0
312446694,0
311909568,0
368735970,0
298313702,0
310559052,0
312451678,0
372681234,0
368775193,0
373155073,0
372822942,0
372696513,0
311859958,0
373156094,0
328119510,0
269534784,0
306488051,0
372723794,0
373150921,0
372696423,0
301017460,0
372959463,0
372680812,0
312108739,0
332075908,0
372733267,0
207453656,0
310559250,0
306266622,0
372812229,1
312997416,0
307461746,0
312152986,0
372812265,1
372550380,0
373075862,1
372812245,1
372881239,0
308449024,0
323477650,0
368733653,0
372525403,0
310607529,0
372871303,0
368766351,0
372971132,0
368746096,0
372883920,0
300849603,0
372957796,0
368795934,0
296712537,1
372750949,0
372823520,0
368784771,0
312152999,0
336812640,0
315555148,0
311693197,0
372681231,0
373150934,0
306620329,0
300827525,0
368784360,0
317574806,0
372724281,0
372822585,0
311016778,0
372815931,0
336141997,0
372532518,0
372957766,0
372739453,0
372957106,0
312230041,0
311036237,0
298627595,0
192801521,0
372969615,0
372680791,0
315272973,0
368749102,1
310559021,0
372727664,0
301051635,0
256696545,0
373111361,0
373160349,0
362555229,0
312451238,0
312818346,0
306107653,0
368738628,0
273326334,0
267162761,0
372687760,0
372748932,0
312471632,0
315292291,0
368749493,0
368749653,1
330181247,0
368766344,0
312666534,0
373155522,0
373150910,0
195116886,0
345901141,0
337069012,0
332771446,1
337099368,0
331501986,0
331536710,0
176350914,0
136428640,0
246329443,0
331492112,0
336721775,0
331567204,0
331536770,0
336428206,0
331556319,0
331500925,0
337128954,0
30620621,0
331492665,0
331573663,1
331500899,0
331530347,0
331521545,0
331555629,0
336428579,0
249259563,0
363341912,0
343063325,0
48099604,0
331566600,0
346379998,0
331556163,0
331554137,0
258833798,0
331542417,0
331566923,0
331496930,0
331500921,0
331536042,0
264370337,0
363336354,0
336465236,0
331551407,0
331993536,0
336480687,0
331505834,0
331531734,0
331495006,0
334369644,0
336428580,0
258876243,0
327985691,0
331575516,0
331575521,0
331492042,0
331607579,0
116739434,0
331491095,0
205410282,0
336431434,0
284845176,0
331536705,0
335762384,0
331567233,0
331492090,0
331518794,0
304069313,0
297096686,0
331492810,0
331521990,0
331567155,0
363345585,0
176127022,0
331566230,0
336423814,0
336465448,0
331500929,0
336720556,0
379049035,0
331565831,0
206393857,0
32402639,0
336426012,0
363438221,0
53535414,0
245097126,0
331539162,0
331536567,0
336448180,0
335999430,0
331551421,0
336465521,0
331500792,0
225739576,0
331532069,0
331492045,0
205475977,0
363383922,0
336765709,0
331501165,0
337185187,0
331518848,0
331564250,0
331500901,0
336046251,0
336473560,0
331536017,0
334739774,0
336716965,0
331507389,0
331500756,0
331496373,0
333197825,0
331512362,0
344313519,1
337073990,0
331623513,0
331500882,0
363383920,0
260029963,0
134019421,0
99748851,0
331756830,0
220934116,0
336447920,0
331999304,0
299373730,0
272271687,0
299917160,0
272075100,0
272172164,0
272285898,0
47719758,0
295553950,1
272282340,0
158830674,0
272282349,0
272153856,0
272089663,0
272153861,0
272123654,0
272485269,1
281366816,1
272698187,0
272677971,0
272088124,0
272428611,0
272680545,0
272141681,0
128921708,0
272153337,0
272334226,0
299367843,0
272110251,0
272271144,1
272339010,0
272308029,0
272153364,0
272334233,0
272483352,0
145661456,0
272615962,0
272082813,0
272333502,0
272172160,0
272178923,0
160537610,0
290376000,1
282983439,0
272308093,0
272172144,0
272192596,0
272746382,0
272464543,0
272698163,0
161473006,0
272759903,0
272416198,0
272472261,0
176016107,0
272100307,0
272438011,0
272075111,0
272721373,0
272437996,0
90457211,0
272153870,0
272077947,0
272465918,0
272419394,0
272268525,0
272700905,0
272075668,0
272152600,0
186560397,0
272307995,0
272472007,0
272285937,0
272697471,0
272282989,0
272334240,0
272319853,0
272140898,0
146018095,0
272025693,0
191807592,1
272469191,0
272428601,0
272153440,0
272469587,0
167725415,0
272700930,0
272331376,0
228593708,1
272282338,0
251245734,0
272419344,0
272172040,0
277373532,1
137959150,1
272428631,0
272681172,0
272154359,0
85898753,0
272088740,1
146122794,0
143068075,0
272616069,0
272339777,0
299375312,0
272327153,0
272472678,1
272141696,0
150486853,0
74936005,0
150351767,0
125995056,0
272522056,0
272156069,0
272339787,0
272520154,0
272298821,0
258406535,0
272465925,0
272462702,0
272079446,0
272175057,0
299516873,0
272155387,0
272520162,0
272494906,0
272430214,0
272833188,0
272075122,0
272113647,0
272267032,0
272432438,1
178327770,0
272529611,1
283185918,1
6137605,0
158489258,0
277082298,0
268795728,1
269905669,1
283195173,1
269499660,0
96638639,0
269139450,0
1729453,0
277286218,0
269502435,1
86739335,0
283190987,1
1778033,0
269434069,0
86934066,0
201454341,0
268939748,0
277182946,0
268863160,0
129629174,0
268796589,1
269078339,0
295123968,0
283194270,1
269870093,1
295154779,0
131845411,0
106651731,0
268806590,0
269992900,0
148944147,0
283194271,1
214653705,0
268938259,0
268849739,0
86631875,0
276946809,0
277279505,0
269533550,0
274288722,1
268791658,1
283161041,1
270335027,0
285662565,0
269511640,1
283192409,1
283190991,0
268827747,0
276940182,1
283361715,0
194258293,0
174993055,0
269459069,1
269128522,0
269560933,0
69266385,1
266195794,0
269504393,0
283173240,0
283204877,0
87257924,0
269037093,0
283190986,1
269962834,0
276992185,1
269908866,0
269546687,0
274910703,0
283285907,1
259058541,0
269500636,1
158633723,1
269546670,0
283178275,1
276992173,1
210556490,0
269040930,0
294506172,1
313361709,0
30233709,1
84481491,0
84724712,0
84362085,0
84362089,0
85000321,0
84997405,0
84752691,0
112156394,0
84997422,0
74826235,0
84723716,0
294585403,0
294518684,0
84756280,0
313372200,0
84759106,0
84752806,0
84709382,0
84313961,0
85008537,0
84753038,0
84471826,0
87163752,0
85695297,0
88319879,0
85254413,1
85001950,0
84338743,1
84724409,0
85004958,0
84735702,0
84371034,0
294527019,0
84315054,0
85005017,0
84754231,0
84997404,0
84313922,0
85002436,1
283314003,0
84996742,0
85616684,1
95565873,0
84749894,1
122637303,0
84719943,1
86162920,0
84999610,0
84719000,1
84361631,0
91438372,0
84762072,0
84317444,0
84357447,0
84754391,0
294465808,0
293925926,0
294203074,0
294463731,0
216531456,0
227443352,0
294454392,1
294509819,0
256878010,0
294473015,0
294326748,0
294326775,0
294300045,0
294492648,1
294492018,0
246044986,0
139195597,0
139274016,1
139274532,1
141027140,0
139290218,0
139274007,1
200285054,0
139277584,0
139232135,0
139274014,1
139298171,0
145628606,0
145169665,0
402916803,0
139281587,0
235508399,0
139264316,0
139232052,1
246066679,1
139274522,1
139234331,0
139281592,0
139274004,1
139195598,0
139270628,0
139274021,1
139234339,0
246066712,1
139277586,0
139274003,1
139274015,1
163687130,0
35982595,0
163901912,0
48202347,0
36587040,0
163884616,0
163847353,0
96491400,0
163822979,0
163591905,0
163667324,1
163720724,0
163687924,0
163821035,0
163673319,0
163678953,0
163655085,1
163886758,1
168173722,0
165847489,0
163649915,1
163822268,1
163832322,0
167748861,1
159939687,0
163669681,1
163596680,0
166071629,1
163654828,0
78348608,0
163720373,0
144435268,1
163691027,1
163720722,0
163808845,0
163862189,0
163708782,0
163806306,0
165837178,0
163803800,0
163687209,0
51828013,0
163806006,0
166071333,1
163584762,0
168122867,1
166070889,1
163586130,1
163901986,0
165853639,0
163591917,0
163654842,1
163886784,0
73689157,0
163708185,0
163653040,0
166502190,0
103912881,1
163909222,0
163669687,1
165849940,1
163704788,0
168116419,0
163807999,0
168139113,1
163818879,0
163728151,0
166496136,0
168113324,0
163586393,1
163909471,0
163807961,0
163808008,0
163708871,0
163895300,0
163809263,0
166500118,0
163804072,0
163681641,0
163728100,0
168207443,0
163862208,0
163687228,0
164883259,0
163803281,0
163586423,1
163867298,1
163670747,1
163731094,0
163709462,0
163822560,1
163900664,0
163729917,0
164096836,0
163704764,0
163886786,0
163896497,0
94138728,0
163649917,1
163804078,0
163902163,0
163716475,0
163839281,0
163731090,0
163909233,0
163807960,0
164757136,0
165849645,1
163883424,0
166509068,0
163653043,0
163867597,1
163684540,0
166073776,0
98309038,1
163808034,1
163811227,1
150117254,1
43878665,1
163804110,0
163721269,0
166069553,1
163635936,0
163824970,0
163655003,0
166495212,1
163862512,0
22856624,0
165872867,0
163651932,0
163909224,0
38811224,0
299102158,0
298735057,0
299158314,1
298980600,0
299112722,0
299109642,0
298686625,1
299047815,0
239555804,0
298686621,1
299192392,0
299043836,0
299012053,0
299057365,0
298711661,0
19866655,0
299197480,0
299178542,0
299109136,0
299109130,0
298701271,0
299191785,0
298721681,0
57663929,0
300142336,0
176607684,0
275170200,0
299036083,1
301211972,0
235167280,0
299110384,0
299185444,0
301179834,0
298967059,0
298701259,0
298985047,0
299190381,0
299125710,0
298682289,0
299066207,0
299044847,1
101754828,0
275287246,0
298687604,0
299178067,1
299178846,1
228274248,0
301182635,0
299043102,0
298709548,0
299172430,1
298998446,0
298998301,0
179228096,0
299109175,0
299047999,0
268207612,0
298681295,0
299150040,0
270965504,0
298711655,0
300565817,0
299339145,0
299084184,0
119241681,0
382989698,0
386095359,0
380214648,0
382885830,0
383226586,0
383229647,0
376281880,0
383753213,0
321964514,0
382969907,0
385964805,0
275437558,0
110107361,0
382965631,1
146800503,0
348230493,1
275639359,0
8482106,0
382964941,0
333937320,0
327204609,0
383550841,0
380201406,0
381898651,0
386053268,0
156926241,0
376251487,0
383071406,0
381848059,0
382993299,0
383048825,1
218056702,0
386137244,1
284789955,0
320328394,0
376206522,0
382976327,0
379908016,0
335703623,0
382989917,1
362139378,0
27578561,0
376200440,1
330675831,0
316318209,0
340884251,0
386021135,1
191418207,0
125058238,0
225315445,0
184062392,0
48724729,0
382966986,0
76393233,0
386085453,1
386085557,1
180937098,0
386067632,0
382996877,0
383061849,0
358848215,0
385981816,1
382993410,0
221454283,1
376250675,0
376199611,0
327855672,0
233524225,0
55877528,0
382907079,0
376206532,0
131661521,0
376241003,0
376252254,0
355009201,0
355166251,0
355100385,0
355124164,0
355007365,1
355094137,0
355156436,0
355371184,0
322941735,0
355995314,1
355204382,0
355006917,0
355095303,0
355110064,1
355101216,0
355124179,0
355110314,0
355149231,0
212771525,0
344589840,0
295879136,0
213287984,0
355008923,0
355102388,0
221685796,0
60811145,0
226277188,0
355009638,1
198981058,1
215598236,0
355009183,1
185725699,1
355181006,0
160462268,0
138199818,0
355102166,1
355003671,0
355371534,0
355003646,1
355127749,1
355230735,0
355369854,0
355215771,0
355009708,1
191598956,0
17280710,1
355099223,0
355196229,0
355986528,0
249281344,1
355090375,1
355102492,1
355509830,0
355095361,0
355371572,0
355157620,0
355156382,0
355124778,0
355095121,0
355124647,0
84882098,0
355009171,0
355007672,1
355111434,0
355111429,0
355219736,0
182873346,0
355135853,0
355135845,0
355153695,0
355371446,0
355216021,0
355011078,0
355135833,0
355090394,1
326826195,0
189125442,0
355009237,1
255663440,0
68891403,1
355004187,0
355209778,0
126793952,0
274527125,1
355940890,0
355998230,1
58506737,1
355230521,0
355111426,0
198982902,0
355215758,0
355153420,0
355009553,0
164919436,0
193696046,0
355371845,0
355181783,0
58508576,1
355236654,0
355098550,0
339207130,0
189809580,0
216011499,0
355998257,1
155316665,0
355099310,0
355007070,1
355099091,0
355098236,1
355183294,1
355088949,0
355136222,0
355110071,1
204458854,0
355128320,1
236952523,0
92039438,0
180661381,0
355109326,0
355007601,0
355196434,0
355213280,1
355230740,0
274526557,1
355369127,0
355368456,0
355094047,0
355008601,1
355101082,0
5684082,0
92512173,0
3300754,0
96355328,0
96342162,0
103761902,0
95614382,0
96349408,0
4846284,0
95065678,0
200476199,0
92508031,1
93224067,0
126802629,0
92713387,0
96338358,0
95574856,0
95074684,0
120093279,0
92489631,0
125482570,0
93193372,0
92734849,0
92095026,0
93533109,0
92107128,0
92735496,0
114483976,0
92109031,0
248626595,0
350222073,0
94385654,0
95569209,0
92515819,0
92490736,0
95556844,0
323311804,0
98890470,0
97495493,0
95569422,0
96733341,0
115971279,0
102483169,0
94377345,0
350228490,0
94893633,0
104063954,0
226728629,0
288602219,0
288493838,0
288688098,0
288419486,0
180737911,0
275566093,0
288399539,0
288279481,0
288407443,0
288447061,0
225811561,0
288078290,0
288450943,0
288404591,0
288692189,0
247774814,0
288275439,0
288365473,0
288147504,0
104321475,0
61813159,0
288416080,0
249810097,0
288730455,0
288551634,0
288333293,0
41396639,0
288590540,0
288082427,0
276786544,0
198643767,0
175874431,0
288589206,0
288279520,0
203032206,0
289018346,0
233364958,0
204448403,0
288543740,0
288076576,0
204340841,0
197467212,0
9366436,0
288396264,0
288404311,0
288080601,0
288333745,0
288408676,0
84869137,0
288416761,0
288091183,0
288405853,0
250602333,0
274185381,0
288288883,0
55939055,0
70433726,0
100791505,0
56287995,0
70432280,0
69290304,0
67582896,0
67633247,0
54809575,0
54857201,0
58975531,0
55214893,0
54768399,0
67642950,0
67629557,0
69350544,0
67672895,1
54717534,0
54915900,0
69599040,0
55903635,0
54808439,0
67670415,0
69766440,0
68960278,0
68954996,1
69762370,0
67604409,0
54723872,0
68960292,0
69766783,0
69761585,0
54790859,0
67686377,1
67612507,0
2234847,0
54768598,0
56234683,0
54769382,0
70046262,0
55121160,0
65255986,0
69613711,0
65496695,0
67611417,0
69760684,0
67636472,0
70454028,0
70422098,0
69282548,0
69350154,0
54771152,1
54767813,0
67557171,0
54854333,0
67597999,0
64166774,0
67562983,0
54708965,0
68936051,0
54715156,0
70063174,0
69762969,0
70412109,0
54712545,0
67611432,0
39700148,0
55928256,0
15984364,0
68986962,0
67628074,0
69766935,0
70402309,0
55797479,0
54733759,0
54733777,0
56301128,0
62240911,0
70382513,0
69695707,1
56395468,0
69971244,0
67600922,1
69766801,0
54804748,0
67548722,0
67631244,0
70454916,0
70455189,0
67556907,0
67604406,0
54848711,0
54836178,0
54838144,0
69766666,0
53880956,0
54855612,0
62181130,0
100918469,0
56693174,0
54704852,0
14585134,0
28883075,0
54869389,0
56114940,0
68988443,1
54912141,1
69350706,0
67628442,0
69770247,1
70454023,0
69763679,0
70451888,0
67672890,0
64523668,0
67629185,0
55732951,0
62601403,0
69765118,0
54805580,0
69974712,0
64868201,0
68957072,1
54749029,0
69605547,0
54832573,0
56707264,0
70370656,1
55734286,0
54751144,0
68984782,0
56032497,0
54811283,0
56337133,0
56333891,0
69351361,1
67583000,0
54735821,0
70328739,1
69350929,0
67656079,1
70457288,0
69760688,0
67646035,0
69315004,0
67654371,0
69395266,0
54768933,0
54733451,0
67654470,0
55678053,0
54832126,0
69282266,0
198827545,0
199989335,0
200984871,0
199955006,0
201000368,0
35621005,0
200629170,0
120179148,0
66158250,0
201054667,0
52597830,0
81948747,0
200701406,0
71804992,0
200635935,0
200636970,0
120019034,1
207037694,0
216354897,0
200032993,0
199942855,0
146303161,0
49358314,0
84288626,0
96453477,0
16713136,0
216807497,0
201003678,0
198814103,0
11750730,0
201003765,0
200022074,0
200601473,0
199312098,0
199362648,0
132499699,0
200508991,0
200517143,0
219600551,0
198749721,0
200627453,0
98089343,0
59724632,0
216523765,0
10773258,0
44562982,1
200650649,0
201007941,0
99728985,0
71363407,0
200977588,0
200593594,0
216526565,0
200621661,0
199408076,0
216559783,0
184121536,0
59374847,0
11320206,0
200960522,0
200544004,0
10333291,0
201432023,0
52084569,0
200970830,0
199938565,0
14476823,0
15026863,0
200625438,0
122148516,0
201749887,0
27862024,0
200631491,0
34242428,0
200975823,0
76605068,0
18056041,0
199944363,0
201456554,0
26561062,0
207961196,0
200608590,0
200617038,0
72537227,0
201494647,0
108158984,0
51049869,0
198792214,0
199321359,0
217661179,0
199404537,0
200544793,0
200470103,0
11735899,0
85605136,0
202932695,0
201433819,0
5923264,0
77165567,0
46403128,0
200625825,0
200048398,0
60513732,0
216518429,0
130927055,0
198801841,0
198791666,0
198812380,0
20258334,0
16132110,0
212500432,0
163406178,0
198787819,0
200637988,0
70047034,0
117914128,0
121978551,0
67999086,0
200699911,0
199967131,0
200634801,0
213127175,0
198801313,0
200964878,0
200970594,0
116903169,0
73747118,0
200748602,0
6544887,0
71359771,0
200622136,0
217678280,0
43845271,0
200963589,0
4599651,0
216563621,0
67457597,0
50980775,0
200499666,0
200446402,0
72567022,0
200052857,0
200636740,0
97150081,1
73862228,0
184107503,0
200051516,0
201002586,0
46201285,0
94828134,0
13439827,0
47253767,0
199944366,0
199935124,0
125410588,0
201449662,0
199321574,0
216521291,0
200638629,0
82172275,0
200621676,0
200668488,0
122060720,0
6727794,0
200963581,0
31413233,0
30082772,0
29708059,0
38396555,0
29197703,0
8894834,0
38881714,0
30126876,0
30002389,0
30840634,0
29541260,0
29236627,0
29158822,0
39686681,0
29263104,0
29239643,0
19862275,0
30712080,0
10035715,0
29200754,0
30115034,0
29532367,0
29240276,0
29148599,0
29238214,0
19129652,0
29147342,0
29509489,0
28879339,1
29568489,0
30172105,0
29991566,0
30166731,0
30166084,0
29531000,0
28991126,0
30002397,0
39693929,0
28953279,1
29132578,0
30085664,0
29200761,0
30166109,0
29153607,0
39645446,0
38882277,0
39724214,1
29210136,0
1061971,0
114715759,0
115901833,0
115186990,0
114497427,0
115286481,0
116189189,1
115108127,0
115193078,0
114653338,0
32075968,0
13227997,0
114657864,0
116128557,0
115709635,0
1119474,0
115911726,0
21677972,1
114665016,1
115148343,0
28669491,0
115711296,0
115529485,0
66750274,0
60980911,0
114497436,0
114642158,0
115080200,0
88451222,0
115711514,0
12829709,1
115723008,1
116110341,0
116874855,0
114497358,0
114602932,0
116129496,0
114497399,0
116055665,1
115209664,0
116119540,0
115228596,0
88822941,0
12830021,1
115193767,0
115193770,0
116064774,1
115279602,0
332928,0
116129229,0
116203361,0
114641985,0
115044377,0
114598077,0
55275135,0
114638671,0
114604546,0
115533535,0
115221333,0
116129238,0
115043988,0
116747257,0
114715291,0
98887628,0
116129487,0
17887663,0
44570397,0
115193071,0
115043748,0
115121140,0
12830061,1
115500189,0
88303648,0
114604557,0
116183359,0
113054794,0
114638316,0
60277582,0
114714743,0
115097174,0
115709632,0
12830385,1
116631597,1
11866994,0
60710228,0
116914752,0
116914127,1
148549351,0
9829411,0
149569098,0
148843954,0
162438330,0
38107881,0
148820482,0
149159040,0
149571669,0
91400373,0
148860424,0
148857937,0
113649806,0
13623410,0
104097172,0
149709793,0
151200952,0
137906514,0
92198600,0
148537619,0
94931566,0
12284459,0
161414170,1
150020258,0
148863771,0
151190965,1
149628196,0
162434599,0
148609616,0
123244307,0
148536082,0
143317555,0
141251903,0
149567836,0
138422168,0
148827476,0
75404761,0
149144930,0
108961020,0
149184527,0
148546162,0
152162148,0
148852292,0
148786686,0
149144099,0
148837139,0
114364497,0
148566614,0
30700348,0
55607420,0
72777111,0
148608917,0
149798110,0
148827018,0
120319794,0
148789748,0
126015984,0
149707545,0
149185296,0
148851806,0
150434526,0
148546520,0
148847791,0
119043284,0
149554286,0
72361976,0
12102720,0
87771179,0
149705621,0
149705064,0
161397347,1
149691707,0
148842318,0
149570741,0
148841441,0
148533415,0
148533307,0
148840593,0
149567839,0
149798246,0
30799508,0
149161642,1
148864802,0
149567352,0
149596415,0
148844984,0
148845451,0
149167747,0
149798422,0
149774409,0
148827030,0
149753117,0
149154841,0
148881439,1
148674765,0
148674769,0
149753132,0
149627692,0
17345754,0
148651749,0
3905058,0
149605448,0
149570245,0
10619588,0
148841677,0
151193805,0
13906899,1
59090978,0
148696813,0
151200949,0
149138176,1
129946705,0
86331399,0
149762982,1
148568426,0
98059174,0
46325611,0
97730088,0
96621541,0
99018629,0
97760414,0
97013839,0
97933782,0
99709782,0
98610045,0
97731146,1
17290276,0
96264624,0
172562,0
88642839,0
85777812,0
9534486,0
98070881,0
97027625,0
97027622,0
97833121,0
96255506,0
96983187,0
96706402,0
97724668,0
3814914,0
97732977,0
46329514,0
96653243,0
96589021,0
17932049,0
98073174,0
97930880,0
98252967,0
49505954,0
99702469,0
9015011,0
97724772,0
96928354,0
96929850,1
7951563,0
97150814,0
97081546,0
100678028,0
99738580,0
98044863,0
96570116,0
97732737,0
67196725,0
96256789,0
97018904,0
96566387,0
96584848,0
96959547,0
34751094,0
81352829,0
96255480,0
97907385,0
97004104,0
97430019,0
96259706,0
6975200,0
15689800,0
96967821,0
97718359,0
96295586,0
66411922,0
96924242,1
97764394,0
96297994,0
97405719,0
100135607,1
40709181,0
97023790,0
97388607,0
97393315,0
97114782,0
96570124,0
96950560,0
78065983,1
87185274,0
97678626,0
1347516,0
97708835,0
96642764,0
97820647,1
98551628,0
96580987,0
87265797,0
7658107,0
96584837,0
96931071,0
97833534,0
81401933,0
97424359,0
97103630,0
96583653,0
96950545,0
97732260,0
96932674,0
87031793,0
96985766,0
96258738,0
1342246,0
53406347,0
97828838,0
87189041,0
80587765,0
19801917,0
96931897,0
96584303,0
96571185,0
97760589,0
97089162,0
98112106,0
96952919,0
98588512,0
62458720,0
97727554,0
96617062,0
97393096,0
96567151,0
96566391,0
96950550,0
96976090,0
97004064,0
96256375,0
81025289,0
96565582,0
96681131,0
96925114,1
97123266,0
96943473,0
46328058,0
12781680,0
13419522,0
12807027,0
13226207,0
12780176,0
12798723,0
13266725,0
13431195,0
12794507,0
13370027,0
12792292,0
12665008,0
12678093,0
12678089,0
13031319,0
12806708,0
12806147,0
13627324,0
12661656,1
13411566,0
13356981,0
12705634,0
13029248,0
12811802,0
9426022,0
13908024,0
12777720,1
12685855,0
5663491,0
12780133,0
12684008,0
13413553,0
13426677,0
13627279,0
12785621,0
12678438,0
12786950,0
13413534,0
12667003,0
12663785,0
12804355,0
12678083,0
12798747,0
13024915,0
12705568,0
13420206,0
12683134,0
12684127,0
13582316,0
12655979,0
12982085,0
13251558,0
13251835,0
12668877,0
12785603,0
12689991,0
13268562,0
13279896,0
12787949,0
12808647,0
38473129,0
12799167,0
12664370,1
13426232,0
13365201,0
12683574,0
12677058,0
13279830,0
12998526,0
12780647,0
12703967,1
12683575,0
12976982,0
12667014,0
13253160,0
13402149,0
12780702,0
12781679,0
12688733,0
13410863,0
7007638,0
13413630,0
12781783,0
38374963,1
38473149,0
13402068,0
13402073,0
12801567,0
13366609,0
12685812,0
13186666,0
12821134,0
12676236,0
13384789,0
13396508,0
12823981,0
13410866,0
13425193,0
13413513,0
13413518,0
12787874,0
12793271,0
12678651,0
39010623,0
12779384,1
13367066,0
13418978,0
12684816,0
12664435,0
13402051,0
12526269,0
12663782,1
13252256,0
13373801,0
12806175,0
12662937,1
13216778,0
12677477,0
12663564,1
38370042,1
12806663,0
13266655,0
13901314,0
12665109,0
13223140,0
12778524,1
12781712,0
12711626,0
72306537,0
73028219,0
73333415,0
73252976,0
73026031,0
72313164,0
73394099,0
73243473,0
74322033,0
22583076,0
73255316,0
73021459,0
71238929,0
70400566,0
32025116,0
73390514,0
73115165,0
73425825,0
10942226,0
73319912,1
73376536,0
70795227,0
73270517,0
73219267,0
73218947,1
73155254,1
62852492,0
73231469,0
72295214,1
41342269,0
73490218,0
72664211,0
72729837,0
5427127,0
73219228,1
72014986,0
71469233,0
71455569,0
73242240,0
72369621,0
71990615,1
73257202,0
99952350,0
72343824,0
71457236,0
73891549,0
73361115,0
72713030,0
70804747,0
73019135,0
72759066,0
73884486,0
73114036,0
72292587,1
70817010,0
72314623,0
72323161,0
72339826,0
71990813,1
67879137,0
72013409,0
72310963,0
40151889,0
71453835,0
72739775,0
73220428,1
73325497,0
73022550,0
73077092,0
73248377,0
72341732,0
73263003,0
72292001,0
8993505,0
73230783,0
72019319,0
71770132,1
71988781,1
73249700,0
73444976,0
70804141,0
72376666,0
73219655,0
43998636,0
72651643,0
72756285,0
73388897,0
73221193,1
73266501,0
26551908,0
73249501,0
71451822,1
73381219,0
7917625,0
73019493,0
73026189,0
73255755,0
39457631,0
72344271,0
72651673,0
73299404,0
71450904,1
83886798,0
73138429,0
72027726,0
73247127,0
71465949,0
77619123,0
72366373,0
73429588,0
72370495,0
71990171,1
72376896,1
43160006,0
73025997,0
73259492,0
73029817,0
71474778,0
99103157,0
72361914,0
73015021,0
72344729,0
73109960,0
70782670,0
71484551,0
73266854,0
73029338,0
73014934,0
73019502,0
72294265,1
73325011,0
73439105,0
73428439,0
73449630,0
73304355,0
71770457,0
73219430,1
71748300,1
71450921,1
71450731,1
62465661,0
72023648,0
73093813,0
73261866,0
71242667,0
73127320,0
72734954,0
73248066,0
72745149,0
55872688,0
73230989,0
92405454,0
73433657,0
73025596,0
72319808,0
72014021,0
45031995,0
73359560,0
70809047,0
7586795,0
72679225,0
73021066,0
85230605,0
73324460,0
73248004,0
72027347,0
73245940,0
72337228,0
73247524,0
73018737,0
73956280,0
73132953,0
73150583,0
70262116,0
73242221,0
73010759,1
73224146,0
81362014,0
72345006,0
72294986,0
73231161,0
73138856,0
73267500,0
71822809,0
70788119,0
73247461,0
71987983,1
71460678,0
22021840,1
72678124,0
73247338,0
73030622,0
73428077,0
71472472,0
70806946,0
96935756,0
73390415,0
65496453,0
52056969,0
76551638,0
72297314,1
72016412,0
73231484,0
39377905,0
72370201,0
77709553,0
3783494,0
66789172,0
73265902,0
99950830,0
72039808,0
99198428,0
72337013,0
72301311,0
99009927,0
73081948,0
73264268,0
73250751,0
73269416,0
73262069,0
94574810,0
91934616,0
91961288,0
94302788,0
94302240,0
91882349,0
94286057,0
94333591,0
94282907,0
94662651,0
94593394,0
5003060,0
94592663,0
11387794,0
94303115,0
94192833,0
94290267,0
94076804,0
94107580,0
94296853,0
57741388,0
94122209,0
94302401,0
98654682,0
94590915,0
98663193,0
94301800,0
93937912,0
94907230,0
94275195,0
94253273,0
94282887,0
94117439,0
94104933,0
94269750,0
94106442,0
95531166,0
41211720,0
30589352,0
94367111,0
98652756,0
93917254,0
94079187,0
94971592,0
94284156,0
94990802,0
94302243,0
94075201,0
99261277,0
98651778,0
94911603,0
98656773,0
98649295,0
77024744,0
94288272,0
94072380,0
94819538,0
94296492,0
94105003,0
98655869,0
94076854,0
94555238,0
94122035,0
94116721,0
94282207,0
98654348,0
94296584,0
94107013,0
98650151,0
98649981,0
98649036,0
98657151,0
94360388,0
94339989,0
93869651,0
94300954,0
98649357,0
1605113,0
94590655,0
26714642,0
94322870,0
94072840,0
99262806,0
98648192,0
92196028,0
94302405,0
91975422,0
94302233,0
94322882,0
94636673,0
94318731,0
94118537,0
94369759,0
48996911,0
39429114,0
90239546,0
94122218,0
94341503,1
94071143,0
98659506,0
91959893,0
98653312,0
94147086,0
94068517,0
94245078,0
94077746,0
98663961,0
94069432,0
94284748,0
94245170,0
98661481,0
94270858,0
94245175,0
98660198,0
91961263,0
94940926,0
94302383,0
94117141,0
94076394,0
47792658,0
94384396,0
91934748,0
94115916,0
94122204,0
98649732,0
94129193,0
91881919,0
94316199,0
94296577,0
91863197,0
94297712,0
94075210,0
94273108,0
92057479,0
94075446,0
94254496,0
94253794,0
6146862,0
94576816,0
94261699,0
94336306,1
93968491,0
92077422,0
95001263,0
94118602,0
94079899,0
94070432,0
11624795,0
94300960,0
96024656,0
94655625,0
94292248,0
94079221,0
105979574,0
106001186,1
106302011,0
106316732,0
105853145,0
105425580,0
105597656,0
106312809,0
105426732,0
106343046,0
105770732,0
106446315,0
106785169,0
106344760,0
107624551,0
105994274,0
21852040,0
106359119,0
106330478,0
105785561,0
106311163,0
105858174,0
105826991,0
105976690,0
105857355,0
106386378,0
106722979,0
106388793,0
106411222,0
105859019,0
106856753,0
106314065,0
105596799,0
261381528,0
105596140,0
105776158,0
106391967,0
23592023,0
105778673,0
105858988,0
105853910,0
105859662,0
105785078,0
106311950,0
106309530,0
23477169,0
106360467,0
106021879,0
106446357,0
106311964,0
53353907,0
30836183,0
105422342,0
69492493,0
49177809,0
105975837,0
106009210,0
105781322,0
106832879,0
105848574,0
105422813,0
105590143,0
105858968,0
105594251,0
105591343,0
105848960,0
105590289,0
105427190,0
106841892,0
105592254,0
105848348,0
105592564,0
105974994,0
105849822,0
105996180,0
106735343,0
106816622,0
105588410,0
105597642,0
106364657,0
106735346,0
105779109,0
105843745,0
107210875,0
106318958,0
105594262,0
105593662,0
105822838,0
106413466,0
105857982,0
106314557,0
106309227,0
23229087,0
105590928,0
105857507,0
105857989,0
106856176,0
105858748,0
105858545,0
261465111,0
105859007,0
105776222,0
105849400,0
105985420,1
105592697,0
105592654,0
106720346,0
105974981,0
106803466,0
105591340,0
105592577,0
106815678,0
106315211,0
80610820,0
261625437,0
106372021,0
106302508,0
106841906,0
105975809,0
105594916,0
105426282,0
195998740,0
106846949,0
105594900,0
105428682,0
106313302,0
106353589,0
106814909,0
105592594,0
106301199,0
105444916,0
105785088,0
261465230,0
105594911,0
37548797,0
105426678,0
105429233,0
38342253,0
61031389,0
105788948,0
105984764,1
105787565,0
105850635,0
105588463,0
105784398,0
105845808,0
105859028,0
105857525,0
105423585,0
26424364,0
105847558,0
106003753,0
105847255,0
106330496,0
105845811,0
106857117,0
194762319,0
195971645,0
106390786,0
105987885,0
106732910,0
105787042,0
106841937,0
106832882,0
105419942,0
106388477,0
105788576,0
106841904,0
105787729,0
181988804,0
171980295,0
156328432,0
156066467,0
126611034,0
155759301,0
155816203,0
155822906,0
171533940,0
52631434,0
78828422,0
175057040,0
155733930,0
155722084,0
39877439,0
155720780,0
155601022,0
181979463,0
155655673,0
155825285,0
155816199,0
155651496,0
156045204,0
164879629,0
156006577,0
156227730,0
157252863,0
157296708,0
155694755,0
155671237,0
155783466,0
181988914,0
164253290,0
155793314,0
180297331,0
156219832,0
164695065,0
156187320,0
155535430,0
181178950,0
155815739,0
156164972,0
155655878,0
155756787,0
155821979,0
164849578,0
181995828,0
156341160,0
155829810,0
156209245,0
155812860,0
155733692,0
156103984,0
155583234,0
155587549,0
155585216,0
155671780,0
155587889,0
181203538,0
164877489,0
156206766,0
164756229,0
181982571,0
156141603,0
156120830,0
156056739,0
156305556,0
155551688,0
155720745,0
35776348,0
155810896,0
178061036,0
162896859,0
155846439,0
160105308,0
155697070,0
156068607,0
155787285,0
181983566,0
131552098,0
126623902,0
155811227,0
155666717,0
156047693,0
155582930,0
155716860,0
155538164,0
181972318,0
156200127,0
155562331,0
155578200,0
155694465,0
163178977,0
12299920,0
156315105,0
170455058,0
181978358,0
155589863,0
25820894,0
124653602,0
137055550,0
155787237,0
155738604,0
181994695,0
155581536,0
155583314,0
162258255,0
156208282,0
155655310,0
152612253,0
156065491,0
155813480,0
155803876,0
79102171,0
156058472,0
157301501,0
155737402,0
33596051,0
155838059,0
156143950,0
35776357,0
164709792,0
172173383,0
156218280,0
164899719,0
164858033,0
164758031,0
156144440,0
155720735,0
142553578,0
170455064,0
155821972,0
155663799,0
155659777,0
155676042,0
156017380,0
181985624,0
181320779,0
155794856,0
156062272,0
155720771,0
173302585,0
155550933,0
6629462,0
196088629,0
196091565,0
195441679,0
195436739,0
5944784,0
195441763,0
194342266,0
194347223,0
195440366,0
170773113,0
195428168,0
30526323,0
195438424,0
49940238,0
195545082,0
195426636,0
196257703,0
45956936,0
66438003,0
14972558,0
195439221,0
194343386,0
66432746,0
7218008,0
195452570,0
194376485,0
66520942,0
46950744,0
195429588,0
66427463,0
66421930,0
195777697,0
196105115,0
22203381,0
66429167,0
82296271,0
196257743,0
126819049,0
174906625,0
194341864,0
66423059,0
195437280,0
195419474,0
196089385,0
66421987,0
196255569,0
72869690,0
87172265,0
195440862,0
1314835,0
66422866,0
194343771,0
35628304,0
66419090,0
196091433,0
97280909,0
66418610,0
195440736,0
196105613,0
66425212,0
195426929,0
196107057,0
39220656,0
66420987,0
218073432,0
26047332,0
218314810,0
70311541,0
64495168,0
22314581,0
219713463,0
219850349,0
218121627,0
218086718,0
218047781,0
218658092,0
219414648,0
218145212,0
218125812,0
1854409,0
1787201,0
135805287,0
103136708,0
218080986,0
94227091,0
56323413,0
218275113,0
218314019,0
218477656,0
218075956,0
218266530,0
218039936,0
218285334,0
218292978,0
218058339,0
218128373,0
218307600,0
219541285,0
218073427,0
218687876,0
219394966,0
218062893,0
218121514,0
218266528,0
218032639,0
218051244,0
219403410,0
218028873,0
218011208,0
17294880,0
218283428,0
218135731,0
71382685,0
218068854,0
218040123,0
218016819,0
218039695,0
218117899,0
219425081,0
218306977,0
218445832,0
218053497,0
63254396,0
218263226,0
183288709,0
218156731,0
218089571,0
218573173,0
218556959,0
218045663,0
218306861,0
32054179,1
218306958,0
218298082,0
218066217,0
218570639,0
218039931,0
178991272,0
218286004,0
42348879,0
219383124,0
218051628,0
218031494,0
218468518,0
52178783,0
219918390,0
218310568,0
218135117,0
219764897,0
218099491,0
218274123,0
218021673,0
71606734,0
218023183,0
218015597,0
212756739,0
219422495,0
13646,0
11587238,1
2307242,0
549581,0
13036330,0
692149,0
26115433,0
2144054,1
9389913,0
4644934,0
3381500,0
39994,0
3257779,0
3380930,0
9448195,0
14141562,0
2218496,0
38731910,0
549558,0
13036357,0
155674575,1
3307178,0
3535985,1
9058320,0
4632949,0
3346671,0
10711115,0
1865993,0
3306258,0
61809700,0
9330487,0
3295790,0
19497952,1
155675917,0
34514900,0
2106136,0
9362117,0
3286491,0
3287759,0
11570254,1
3302092,0
4605584,0
3289053,0
2226591,0
3307215,0
9387922,0
4596055,0
3287421,0
4604109,0
11561989,1
9629830,0
11933160,0
41402314,0
157581697,0
158378337,1
157617747,0
158337784,0
158574309,0
194334301,0
163220740,0
158574304,0
158575163,0
194015927,0
149209137,0
158574917,0
171521584,0
159039040,1
158574521,0
158575003,0
194030265,0
157653323,0
188961759,0
194071359,0
158599828,0
158371767,1
157607789,0
158375408,1
157581542,0
158585890,0
158574498,0
157619070,0
158277527,0
157634654,0
157855979,0
158575145,0
158269462,0
186369913,0
184411659,0
158373282,1
164795847,0
158574901,0
186179334,0
189713241,0
158360779,1
158269469,0
158375402,1
